GameSeed,GameName,Round,Event,Tick,Turn,PlayerCount,GameID,FinalScore(PlayerName-0),FinalScore(Player-1),FinalScore(Player-0),FinalScore(PlayerName-1),OrdinalPosition(Player-1 rank),OrdinalPosition(PlayerName-0),OrdinalPosition(Player-1),OrdinalPosition(Player-0),OrdinalPosition(Player-0 rank),OrdinalPosition(PlayerName-1),PlayerType(PlayerType-1),PlayerType(PlayerType-0),Winner(PlayerIdx)
346665430,SushiGo,3,GAME_OVER,63,0,2,2,Basic MCTS,34.0,55.0,Basic MCTS,2,Basic MCTS,2,1,1,Basic MCTS,Basic MCTS,Basic MCTS,0
879079583,SushiGo,3,GAME_OVER,61,0,2,3,Basic MCTS,40.0,53.0,Basic MCTS,2,Basic MCTS,2,1,1,Basic MCTS,Basic MCTS,Basic MCTS,0
-619666105,SushiGo,3,GAME_OVER,61,0,2,4,Basic MCTS,30.0,49.0,Basic MCTS,2,Basic MCTS,2,1,1,Basic MCTS,Basic MCTS,Basic MCTS,0
503938916,SushiGo,3,GAME_OVER,62,0,2,5,Basic MCTS,43.0,66.0,Basic MCTS,2,Basic MCTS,2,1,1,Basic MCTS,Basic MCTS,Basic MCTS,0
-428737539,SushiGo,3,GAME_OVER,60,0,2,6,Basic MCTS,36.0,53.0,Basic MCTS,2,Basic MCTS,2,1,1,Basic MCTS,Basic MCTS,Basic MCTS,0
-1745970416,SushiGo,3,GAME_OVER,62,0,2,7,Basic MCTS,37.0,50.0,Basic MCTS,2,Basic MCTS,2,1,1,Basic MCTS,Basic MCTS,Basic MCTS,0
-1436161366,SushiGo,3,GAME_OVER,63,0,2,8,Basic MCTS,34.0,50.0,Basic MCTS,2,Basic MCTS,2,1,1,Basic MCTS,Basic MCTS,Basic MCTS,0
-1151041315,SushiGo,3,GAME_OVER,61,0,2,9,Basic MCTS,40.0,55.0,Basic MCTS,2,Basic MCTS,2,1,1,Basic MCTS,Basic MCTS,Basic MCTS,0
697067980,SushiGo,3,GAME_OVER,63,0,2,10,Basic MCTS,42.0,48.0,Basic MCTS,2,Basic MCTS,2,1,1,Basic MCTS,Basic MCTS,Basic MCTS,0
1168140970,SushiGo,3,GAME_OVER,63,0,2,11,Basic MCTS,40.0,51.0,Basic MCTS,2,Basic MCTS,2,1,1,Basic MCTS,Basic MCTS,Basic MCTS,0
-1491060889,SushiGo,3,GAME_OVER,60,0,2,12,Basic MCTS,33.0,68.0,Basic MCTS,2,Basic MCTS,2,1,1,Basic MCTS,Basic MCTS,Basic MCTS,0
-1819802610,SushiGo,3,GAME_OVER,61,0,2,13,Basic MCTS,43.0,60.0,Basic MCTS,2,Basic MCTS,2,1,1,Basic MCTS,Basic MCTS,Basic MCTS,0
-2121274456,SushiGo,3,GAME_OVER,61,0,2,14,Basic MCTS,46.0,42.0,Basic MCTS,1,Basic MCTS,1,2,2,Basic MCTS,Basic MCTS,Basic MCTS,1
259280696,SushiGo,3,GAME_OVER,62,0,2,15,Basic MCTS,41.0,41.0,Basic MCTS,1,Basic MCTS,1,1,1,Basic MCTS,Basic MCTS,Basic MCTS,-1
1706137030,SushiGo,3,GAME_OVER,60,0,2,16,Basic MCTS,42.0,57.0,Basic MCTS,2,Basic MCTS,2,1,1,Basic MCTS,Basic MCTS,Basic MCTS,0
545138396,SushiGo,3,GAME_OVER,62,0,2,17,Basic MCTS,49.0,56.0,Basic MCTS,2,Basic MCTS,2,1,1,Basic MCTS,Basic MCTS,Basic MCTS,0
1376458976,SushiGo,3,GAME_OVER,62,0,2,18,Basic MCTS,34.0,54.0,Basic MCTS,2,Basic MCTS,2,1,1,Basic MCTS,Basic MCTS,Basic MCTS,0
1195311045,SushiGo,3,GAME_OVER,60,0,2,19,Basic MCTS,35.0,48.0,Basic MCTS,2,Basic MCTS,2,1,1,Basic MCTS,Basic MCTS,Basic MCTS,0
813477029,SushiGo,3,GAME_OVER,62,0,2,20,Basic MCTS,47.0,65.0,Basic MCTS,2,Basic MCTS,2,1,1,Basic MCTS,Basic MCTS,Basic MCTS,0
-1466178614,SushiGo,3,GAME_OVER,62,0,2,21,Basic MCTS,48.0,66.0,Basic MCTS,2,Basic MCTS,2,1,1,Basic MCTS,Basic MCTS,Basic MCTS,0
-118322159,SushiGo,3,GAME_OVER,61,0,2,22,Basic MCTS,31.0,48.0,Basic MCTS,2,Basic MCTS,2,1,1,Basic MCTS,Basic MCTS,Basic MCTS,0
-1428166355,SushiGo,3,GAME_OVER,61,0,2,23,Basic MCTS,44.0,74.0,Basic MCTS,2,Basic MCTS,2,1,1,Basic MCTS,Basic MCTS,Basic MCTS,0
1144294523,SushiGo,3,GAME_OVER,61,0,2,24,Basic MCTS,36.0,49.0,Basic MCTS,2,Basic MCTS,2,1,1,Basic MCTS,Basic MCTS,Basic MCTS,0
2100098225,SushiGo,3,GAME_OVER,63,0,2,25,Basic MCTS,42.0,61.0,Basic MCTS,2,Basic MCTS,2,1,1,Basic MCTS,Basic MCTS,Basic MCTS,0
23994827,SushiGo,3,GAME_OVER,61,0,2,26,Basic MCTS,32.0,49.0,Basic MCTS,2,Basic MCTS,2,1,1,Basic MCTS,Basic MCTS,Basic MCTS,0
1662792176,SushiGo,3,GAME_OVER,60,0,2,27,Basic MCTS,52.0,49.0,Basic MCTS,1,Basic MCTS,1,2,2,Basic MCTS,Basic MCTS,Basic MCTS,1
2013120665,SushiGo,3,GAME_OVER,60,0,2,28,Basic MCTS,41.0,74.0,Basic MCTS,2,Basic MCTS,2,1,1,Basic MCTS,Basic MCTS,Basic MCTS,0
-1880183632,SushiGo,3,GAME_OVER,62,0,2,29,Basic MCTS,39.0,46.0,Basic MCTS,2,Basic MCTS,2,1,1,Basic MCTS,Basic MCTS,Basic MCTS,0
-1377239692,SushiGo,3,GAME_OVER,63,0,2,30,Basic MCTS,36.0,45.0,Basic MCTS,2,Basic MCTS,2,1,1,Basic MCTS,Basic MCTS,Basic MCTS,0
1795532617,SushiGo,3,GAME_OVER,61,0,2,31,Basic MCTS,44.0,64.0,Basic MCTS,2,Basic MCTS,2,1,1,Basic MCTS,Basic MCTS,Basic MCTS,0
-1548656463,SushiGo,3,GAME_OVER,60,0,2,32,Basic MCTS,46.0,51.0,Basic MCTS,2,Basic MCTS,2,1,1,Basic MCTS,Basic MCTS,Basic MCTS,0
-653656736,SushiGo,3,GAME_OVER,61,0,2,33,Basic MCTS,47.0,53.0,Basic MCTS,2,Basic MCTS,2,1,1,Basic MCTS,Basic MCTS,Basic MCTS,0
-400394132,SushiGo,3,GAME_OVER,61,0,2,34,Basic MCTS,41.0,67.0,Basic MCTS,2,Basic MCTS,2,1,1,Basic MCTS,Basic MCTS,Basic MCTS,0
-1422203009,SushiGo,3,GAME_OVER,62,0,2,35,Basic MCTS,37.0,65.0,Basic MCTS,2,Basic MCTS,2,1,1,Basic MCTS,Basic MCTS,Basic MCTS,0
-1113178468,SushiGo,3,GAME_OVER,61,0,2,36,Basic MCTS,46.0,36.0,Basic MCTS,1,Basic MCTS,1,2,2,Basic MCTS,Basic MCTS,Basic MCTS,1
-175367348,SushiGo,3,GAME_OVER,61,0,2,37,Basic MCTS,50.0,48.0,Basic MCTS,1,Basic MCTS,1,2,2,Basic MCTS,Basic MCTS,Basic MCTS,1
1362911089,SushiGo,3,GAME_OVER,60,0,2,38,Basic MCTS,39.0,57.0,Basic MCTS,2,Basic MCTS,2,1,1,Basic MCTS,Basic MCTS,Basic MCTS,0
-347120262,SushiGo,3,GAME_OVER,60,0,2,39,Basic MCTS,39.0,53.0,Basic MCTS,2,Basic MCTS,2,1,1,Basic MCTS,Basic MCTS,Basic MCTS,0
1416514647,SushiGo,3,GAME_OVER,62,0,2,40,Basic MCTS,43.0,58.0,Basic MCTS,2,Basic MCTS,2,1,1,Basic MCTS,Basic MCTS,Basic MCTS,0
-1570736736,SushiGo,3,GAME_OVER,62,0,2,41,Basic MCTS,47.0,47.0,Basic MCTS,1,Basic MCTS,1,2,2,Basic MCTS,Basic MCTS,Basic MCTS,1
-1532681659,SushiGo,3,GAME_OVER,60,0,2,42,Basic MCTS,49.0,48.0,Basic MCTS,1,Basic MCTS,1,2,2,Basic MCTS,Basic MCTS,Basic MCTS,1
2038358424,SushiGo,3,GAME_OVER,60,0,2,43,Basic MCTS,40.0,56.0,Basic MCTS,2,Basic MCTS,2,1,1,Basic MCTS,Basic MCTS,Basic MCTS,0
1950377550,SushiGo,3,GAME_OVER,62,0,2,44,Basic MCTS,41.0,59.0,Basic MCTS,2,Basic MCTS,2,1,1,Basic MCTS,Basic MCTS,Basic MCTS,0
-389679841,SushiGo,3,GAME_OVER,63,0,2,45,Basic MCTS,33.0,46.0,Basic MCTS,2,Basic MCTS,2,1,1,Basic MCTS,Basic MCTS,Basic MCTS,0
-1652369011,SushiGo,3,GAME_OVER,64,0,2,46,Basic MCTS,50.0,61.0,Basic MCTS,2,Basic MCTS,2,1,1,Basic MCTS,Basic MCTS,Basic MCTS,0
649728961,SushiGo,3,GAME_OVER,61,0,2,47,Basic MCTS,36.0,46.0,Basic MCTS,2,Basic MCTS,2,1,1,Basic MCTS,Basic MCTS,Basic MCTS,0
1939385821,SushiGo,3,GAME_OVER,60,0,2,48,Basic MCTS,37.0,52.0,Basic MCTS,2,Basic MCTS,2,1,1,Basic MCTS,Basic MCTS,Basic MCTS,0
-765151654,SushiGo,3,GAME_OVER,63,0,2,49,Basic MCTS,44.0,63.0,Basic MCTS,2,Basic MCTS,2,1,1,Basic MCTS,Basic MCTS,Basic MCTS,0
-382843140,SushiGo,3,GAME_OVER,61,0,2,50,Basic MCTS,49.0,49.0,Basic MCTS,1,Basic MCTS,1,2,2,Basic MCTS,Basic MCTS,Basic MCTS,1
1616233144,SushiGo,3,GAME_OVER,62,0,2,51,Basic MCTS,36.0,50.0,Basic MCTS,2,Basic MCTS,2,1,1,Basic MCTS,Basic MCTS,Basic MCTS,0
-1825767405,SushiGo,3,GAME_OVER,61,0,2,52,Basic MCTS,44.0,44.0,Basic MCTS,1,Basic MCTS,1,2,2,Basic MCTS,Basic MCTS,Basic MCTS,1
-1681345762,SushiGo,3,GAME_OVER,61,0,2,53,Basic MCTS,49.0,67.0,Basic MCTS,2,Basic MCTS,2,1,1,Basic MCTS,Basic MCTS,Basic MCTS,0
-1466223696,SushiGo,3,GAME_OVER,61,0,2,54,Basic MCTS,36.0,47.0,Basic MCTS,2,Basic MCTS,2,1,1,Basic MCTS,Basic MCTS,Basic MCTS,0
-898042700,SushiGo,3,GAME_OVER,62,0,2,55,Basic MCTS,46.0,58.0,Basic MCTS,2,Basic MCTS,2,1,1,Basic MCTS,Basic MCTS,Basic MCTS,0
-622095176,SushiGo,3,GAME_OVER,61,0,2,56,Basic MCTS,42.0,46.0,Basic MCTS,2,Basic MCTS,2,1,1,Basic MCTS,Basic MCTS,Basic MCTS,0
-1621553363,SushiGo,3,GAME_OVER,61,0,2,57,Basic MCTS,41.0,63.0,Basic MCTS,2,Basic MCTS,2,1,1,Basic MCTS,Basic MCTS,Basic MCTS,0
2021511387,SushiGo,3,GAME_OVER,60,0,2,58,Basic MCTS,36.0,59.0,Basic MCTS,2,Basic MCTS,2,1,1,Basic MCTS,Basic MCTS,Basic MCTS,0
-1677040338,SushiGo,3,GAME_OVER,61,0,2,59,Basic MCTS,34.0,57.0,Basic MCTS,2,Basic MCTS,2,1,1,Basic MCTS,Basic MCTS,Basic MCTS,0
1955989905,SushiGo,3,GAME_OVER,61,0,2,60,Basic MCTS,35.0,54.0,Basic MCTS,2,Basic MCTS,2,1,1,Basic MCTS,Basic MCTS,Basic MCTS,0
-1876231119,SushiGo,3,GAME_OVER,61,0,2,61,Basic MCTS,29.0,49.0,Basic MCTS,2,Basic MCTS,2,1,1,Basic MCTS,Basic MCTS,Basic MCTS,0
-1294795098,SushiGo,3,GAME_OVER,60,0,2,62,Basic MCTS,38.0,34.0,Basic MCTS,1,Basic MCTS,1,2,2,Basic MCTS,Basic MCTS,Basic MCTS,1
127372284,SushiGo,3,GAME_OVER,60,0,2,63,Basic MCTS,38.0,56.0,Basic MCTS,2,Basic MCTS,2,1,1,Basic MCTS,Basic MCTS,Basic MCTS,0
-991207967,SushiGo,3,GAME_OVER,61,0,2,64,Basic MCTS,49.0,50.0,Basic MCTS,2,Basic MCTS,2,1,1,Basic MCTS,Basic MCTS,Basic MCTS,0
1049258221,SushiGo,3,GAME_OVER,60,0,2,65,Basic MCTS,47.0,55.0,Basic MCTS,2,Basic MCTS,2,1,1,Basic MCTS,Basic MCTS,Basic MCTS,0
-2039767727,SushiGo,3,GAME_OVER,60,0,2,66,Basic MCTS,42.0,46.0,Basic MCTS,2,Basic MCTS,2,1,1,Basic MCTS,Basic MCTS,Basic MCTS,0
1908179359,SushiGo,3,GAME_OVER,62,0,2,67,Basic MCTS,51.0,60.0,Basic MCTS,2,Basic MCTS,2,1,1,Basic MCTS,Basic MCTS,Basic MCTS,0
1115136563,SushiGo,3,GAME_OVER,60,0,2,68,Basic MCTS,46.0,56.0,Basic MCTS,2,Basic MCTS,2,1,1,Basic MCTS,Basic MCTS,Basic MCTS,0
-1493045323,SushiGo,3,GAME_OVER,62,0,2,69,Basic MCTS,42.0,65.0,Basic MCTS,2,Basic MCTS,2,1,1,Basic MCTS,Basic MCTS,Basic MCTS,0
-394703714,SushiGo,3,GAME_OVER,61,0,2,70,Basic MCTS,40.0,40.0,Basic MCTS,1,Basic MCTS,1,2,2,Basic MCTS,Basic MCTS,Basic MCTS,1
-432712488,SushiGo,3,GAME_OVER,61,0,2,71,Basic MCTS,36.0,53.0,Basic MCTS,2,Basic MCTS,2,1,1,Basic MCTS,Basic MCTS,Basic MCTS,0
491282519,SushiGo,3,GAME_OVER,61,0,2,72,Basic MCTS,38.0,47.0,Basic MCTS,2,Basic MCTS,2,1,1,Basic MCTS,Basic MCTS,Basic MCTS,0
-884033504,SushiGo,3,GAME_OVER,62,0,2,73,Basic MCTS,51.0,50.0,Basic MCTS,1,Basic MCTS,1,2,2,Basic MCTS,Basic MCTS,Basic MCTS,1
991772015,SushiGo,3,GAME_OVER,62,0,2,74,Basic MCTS,40.0,45.0,Basic MCTS,2,Basic MCTS,2,1,1,Basic MCTS,Basic MCTS,Basic MCTS,0
-835279488,SushiGo,3,GAME_OVER,60,0,2,75,Basic MCTS,36.0,64.0,Basic MCTS,2,Basic MCTS,2,1,1,Basic MCTS,Basic MCTS,Basic MCTS,0
288423849,SushiGo,3,GAME_OVER,60,0,2,76,Basic MCTS,44.0,48.0,Basic MCTS,2,Basic MCTS,2,1,1,Basic MCTS,Basic MCTS,Basic MCTS,0
306462715,SushiGo,3,GAME_OVER,63,0,2,77,Basic MCTS,39.0,52.0,Basic MCTS,2,Basic MCTS,2,1,1,Basic MCTS,Basic MCTS,Basic MCTS,0
-1595934290,SushiGo,3,GAME_OVER,61,0,2,78,Basic MCTS,49.0,56.0,Basic MCTS,2,Basic MCTS,2,1,1,Basic MCTS,Basic MCTS,Basic MCTS,0
372545689,SushiGo,3,GAME_OVER,61,0,2,79,Basic MCTS,34.0,47.0,Basic MCTS,2,Basic MCTS,2,1,1,Basic MCTS,Basic MCTS,Basic MCTS,0
-1791317608,SushiGo,3,GAME_OVER,62,0,2,80,Basic MCTS,50.0,44.0,Basic MCTS,1,Basic MCTS,1,2,2,Basic MCTS,Basic MCTS,Basic MCTS,1
594493312,SushiGo,3,GAME_OVER,64,0,2,81,Basic MCTS,34.0,43.0,Basic MCTS,2,Basic MCTS,2,1,1,Basic MCTS,Basic MCTS,Basic MCTS,0
1375946348,SushiGo,3,GAME_OVER,60,0,2,82,Basic MCTS,36.0,42.0,Basic MCTS,2,Basic MCTS,2,1,1,Basic MCTS,Basic MCTS,Basic MCTS,0
-1004766817,SushiGo,3,GAME_OVER,60,0,2,83,Basic MCTS,51.0,58.0,Basic MCTS,2,Basic MCTS,2,1,1,Basic MCTS,Basic MCTS,Basic MCTS,0
714044006,SushiGo,3,GAME_OVER,60,0,2,84,Basic MCTS,45.0,51.0,Basic MCTS,2,Basic MCTS,2,1,1,Basic MCTS,Basic MCTS,Basic MCTS,0
1418075335,SushiGo,3,GAME_OVER,61,0,2,85,Basic MCTS,44.0,68.0,Basic MCTS,2,Basic MCTS,2,1,1,Basic MCTS,Basic MCTS,Basic MCTS,0
1141736524,SushiGo,3,GAME_OVER,62,0,2,86,Basic MCTS,34.0,69.0,Basic MCTS,2,Basic MCTS,2,1,1,Basic MCTS,Basic MCTS,Basic MCTS,0
443981092,SushiGo,3,GAME_OVER,62,0,2,87,Basic MCTS,32.0,49.0,Basic MCTS,2,Basic MCTS,2,1,1,Basic MCTS,Basic MCTS,Basic MCTS,0
-68629972,SushiGo,3,GAME_OVER,61,0,2,88,Basic MCTS,53.0,65.0,Basic MCTS,2,Basic MCTS,2,1,1,Basic MCTS,Basic MCTS,Basic MCTS,0
1822990971,SushiGo,3,GAME_OVER,60,0,2,89,Basic MCTS,44.0,44.0,Basic MCTS,1,Basic MCTS,1,2,2,Basic MCTS,Basic MCTS,Basic MCTS,1
268448290,SushiGo,3,GAME_OVER,61,0,2,90,Basic MCTS,41.0,64.0,Basic MCTS,2,Basic MCTS,2,1,1,Basic MCTS,Basic MCTS,Basic MCTS,0
1043028123,SushiGo,3,GAME_OVER,60,0,2,91,Basic MCTS,39.0,55.0,Basic MCTS,2,Basic MCTS,2,1,1,Basic MCTS,Basic MCTS,Basic MCTS,0
-1199211999,SushiGo,3,GAME_OVER,60,0,2,92,Basic MCTS,53.0,53.0,Basic MCTS,1,Basic MCTS,1,1,1,Basic MCTS,Basic MCTS,Basic MCTS,-1
1398271441,SushiGo,3,GAME_OVER,61,0,2,93,Basic MCTS,51.0,50.0,Basic MCTS,1,Basic MCTS,1,2,2,Basic MCTS,Basic MCTS,Basic MCTS,1
648115670,SushiGo,3,GAME_OVER,63,0,2,94,Basic MCTS,32.0,53.0,Basic MCTS,2,Basic MCTS,2,1,1,Basic MCTS,Basic MCTS,Basic MCTS,0
1962877811,SushiGo,3,GAME_OVER,60,0,2,95,Basic MCTS,43.0,62.0,Basic MCTS,2,Basic MCTS,2,1,1,Basic MCTS,Basic MCTS,Basic MCTS,0
-1960070630,SushiGo,3,GAME_OVER,61,0,2,96,Basic MCTS,39.0,55.0,Basic MCTS,2,Basic MCTS,2,1,1,Basic MCTS,Basic MCTS,Basic MCTS,0
36358070,SushiGo,3,GAME_OVER,60,0,2,97,Basic MCTS,40.0,59.0,Basic MCTS,2,Basic MCTS,2,1,1,Basic MCTS,Basic MCTS,Basic MCTS,0
375050126,SushiGo,3,GAME_OVER,63,0,2,98,Basic MCTS,32.0,43.0,Basic MCTS,2,Basic MCTS,2,1,1,Basic MCTS,Basic MCTS,Basic MCTS,0
1468478823,SushiGo,3,GAME_OVER,60,0,2,99,Basic MCTS,47.0,46.0,Basic MCTS,1,Basic MCTS,1,2,2,Basic MCTS,Basic MCTS,Basic MCTS,1
-218109356,SushiGo,3,GAME_OVER,60,0,2,100,Basic MCTS,53.0,65.0,Basic MCTS,2,Basic MCTS,2,1,1,Basic MCTS,Basic MCTS,Basic MCTS,0
-3023545,SushiGo,3,GAME_OVER,63,0,2,101,Basic MCTS,43.0,46.0,Basic MCTS,2,Basic MCTS,2,1,1,Basic MCTS,Basic MCTS,Basic MCTS,0
1504533260,SushiGo,3,GAME_OVER,60,0,2,102,Basic MCTS,43.0,64.0,Basic MCTS,2,Basic MCTS,2,1,1,Basic MCTS,Basic MCTS,Basic MCTS,0
731461140,SushiGo,3,GAME_OVER,61,0,2,103,Basic MCTS,42.0,53.0,Basic MCTS,2,Basic MCTS,2,1,1,Basic MCTS,Basic MCTS,Basic MCTS,0
-784229007,SushiGo,3,GAME_OVER,62,0,2,104,Basic MCTS,53.0,48.0,Basic MCTS,1,Basic MCTS,1,2,2,Basic MCTS,Basic MCTS,Basic MCTS,1
-1136489594,SushiGo,3,GAME_OVER,61,0,2,105,Basic MCTS,45.0,54.0,Basic MCTS,2,Basic MCTS,2,1,1,Basic MCTS,Basic MCTS,Basic MCTS,0
-362921133,SushiGo,3,GAME_OVER,63,0,2,106,Basic MCTS,45.0,47.0,Basic MCTS,2,Basic MCTS,2,1,1,Basic MCTS,Basic MCTS,Basic MCTS,0
1364054475,SushiGo,3,GAME_OVER,61,0,2,107,Basic MCTS,31.0,45.0,Basic MCTS,2,Basic MCTS,2,1,1,Basic MCTS,Basic MCTS,Basic MCTS,0
814423744,SushiGo,3,GAME_OVER,62,0,2,108,Basic MCTS,36.0,35.0,Basic MCTS,1,Basic MCTS,1,2,2,Basic MCTS,Basic MCTS,Basic MCTS,1
1075196489,SushiGo,3,GAME_OVER,60,0,2,109,Basic MCTS,42.0,54.0,Basic MCTS,2,Basic MCTS,2,1,1,Basic MCTS,Basic MCTS,Basic MCTS,0
-1568387951,SushiGo,3,GAME_OVER,63,0,2,110,Basic MCTS,41.0,55.0,Basic MCTS,2,Basic MCTS,2,1,1,Basic MCTS,Basic MCTS,Basic MCTS,0
-1781053528,SushiGo,3,GAME_OVER,62,0,2,111,Basic MCTS,37.0,35.0,Basic MCTS,1,Basic MCTS,1,2,2,Basic MCTS,Basic MCTS,Basic MCTS,1
-1606283071,SushiGo,3,GAME_OVER,61,0,2,112,Basic MCTS,43.0,50.0,Basic MCTS,2,Basic MCTS,2,1,1,Basic MCTS,Basic MCTS,Basic MCTS,0
-543735179,SushiGo,3,GAME_OVER,62,0,2,113,Basic MCTS,33.0,45.0,Basic MCTS,2,Basic MCTS,2,1,1,Basic MCTS,Basic MCTS,Basic MCTS,0
1674156088,SushiGo,3,GAME_OVER,62,0,2,114,Basic MCTS,37.0,33.0,Basic MCTS,1,Basic MCTS,1,2,2,Basic MCTS,Basic MCTS,Basic MCTS,1
166348003,SushiGo,3,GAME_OVER,63,0,2,115,Basic MCTS,45.0,46.0,Basic MCTS,2,Basic MCTS,2,1,1,Basic MCTS,Basic MCTS,Basic MCTS,0
-1111867417,SushiGo,3,GAME_OVER,60,0,2,116,Basic MCTS,49.0,77.0,Basic MCTS,2,Basic MCTS,2,1,1,Basic MCTS,Basic MCTS,Basic MCTS,0
-1814791316,SushiGo,3,GAME_OVER,63,0,2,117,Basic MCTS,39.0,54.0,Basic MCTS,2,Basic MCTS,2,1,1,Basic MCTS,Basic MCTS,Basic MCTS,0
-1933375635,SushiGo,3,GAME_OVER,61,0,2,118,Basic MCTS,47.0,58.0,Basic MCTS,2,Basic MCTS,2,1,1,Basic MCTS,Basic MCTS,Basic MCTS,0
-427253403,SushiGo,3,GAME_OVER,62,0,2,119,Basic MCTS,43.0,50.0,Basic MCTS,2,Basic MCTS,2,1,1,Basic MCTS,Basic MCTS,Basic MCTS,0
-194714209,SushiGo,3,GAME_OVER,61,0,2,120,Basic MCTS,43.0,46.0,Basic MCTS,2,Basic MCTS,2,1,1,Basic MCTS,Basic MCTS,Basic MCTS,0
-2069492797,SushiGo,3,GAME_OVER,62,0,2,121,Basic MCTS,52.0,60.0,Basic MCTS,2,Basic MCTS,2,1,1,Basic MCTS,Basic MCTS,Basic MCTS,0
-1770987610,SushiGo,3,GAME_OVER,62,0,2,122,Basic MCTS,41.0,51.0,Basic MCTS,2,Basic MCTS,2,1,1,Basic MCTS,Basic MCTS,Basic MCTS,0
803393950,SushiGo,3,GAME_OVER,61,0,2,123,Basic MCTS,40.0,51.0,Basic MCTS,2,Basic MCTS,2,1,1,Basic MCTS,Basic MCTS,Basic MCTS,0
729978769,SushiGo,3,GAME_OVER,62,0,2,124,Basic MCTS,35.0,46.0,Basic MCTS,2,Basic MCTS,2,1,1,Basic MCTS,Basic MCTS,Basic MCTS,0
1696041272,SushiGo,3,GAME_OVER,63,0,2,125,Basic MCTS,34.0,43.0,Basic MCTS,2,Basic MCTS,2,1,1,Basic MCTS,Basic MCTS,Basic MCTS,0
-820865651,SushiGo,3,GAME_OVER,61,0,2,126,Basic MCTS,37.0,65.0,Basic MCTS,2,Basic MCTS,2,1,1,Basic MCTS,Basic MCTS,Basic MCTS,0
1274945941,SushiGo,3,GAME_OVER,60,0,2,127,Basic MCTS,43.0,47.0,Basic MCTS,2,Basic MCTS,2,1,1,Basic MCTS,Basic MCTS,Basic MCTS,0
309225253,SushiGo,3,GAME_OVER,61,0,2,128,Basic MCTS,37.0,53.0,Basic MCTS,2,Basic MCTS,2,1,1,Basic MCTS,Basic MCTS,Basic MCTS,0
-211487773,SushiGo,3,GAME_OVER,61,0,2,129,Basic MCTS,43.0,57.0,Basic MCTS,2,Basic MCTS,2,1,1,Basic MCTS,Basic MCTS,Basic MCTS,0
900850219,SushiGo,3,GAME_OVER,60,0,2,130,Basic MCTS,39.0,57.0,Basic MCTS,2,Basic MCTS,2,1,1,Basic MCTS,Basic MCTS,Basic MCTS,0
656084288,SushiGo,3,GAME_OVER,62,0,2,131,Basic MCTS,41.0,71.0,Basic MCTS,2,Basic MCTS,2,1,1,Basic MCTS,Basic MCTS,Basic MCTS,0
-654510776,SushiGo,3,GAME_OVER,61,0,2,132,Basic MCTS,48.0,53.0,Basic MCTS,2,Basic MCTS,2,1,1,Basic MCTS,Basic MCTS,Basic MCTS,0
367540394,SushiGo,3,GAME_OVER,60,0,2,133,Basic MCTS,46.0,52.0,Basic MCTS,2,Basic MCTS,2,1,1,Basic MCTS,Basic MCTS,Basic MCTS,0
157779522,SushiGo,3,GAME_OVER,62,0,2,134,Basic MCTS,34.0,55.0,Basic MCTS,2,Basic MCTS,2,1,1,Basic MCTS,Basic MCTS,Basic MCTS,0
-742897131,SushiGo,3,GAME_OVER,61,0,2,135,Basic MCTS,48.0,49.0,Basic MCTS,2,Basic MCTS,2,1,1,Basic MCTS,Basic MCTS,Basic MCTS,0
936541807,SushiGo,3,GAME_OVER,61,0,2,136,Basic MCTS,33.0,50.0,Basic MCTS,2,Basic MCTS,2,1,1,Basic MCTS,Basic MCTS,Basic MCTS,0
1110959865,SushiGo,3,GAME_OVER,61,0,2,137,Basic MCTS,41.0,53.0,Basic MCTS,2,Basic MCTS,2,1,1,Basic MCTS,Basic MCTS,Basic MCTS,0
-492937223,SushiGo,3,GAME_OVER,63,0,2,138,Basic MCTS,40.0,45.0,Basic MCTS,2,Basic MCTS,2,1,1,Basic MCTS,Basic MCTS,Basic MCTS,0
-1127983648,SushiGo,3,GAME_OVER,61,0,2,139,Basic MCTS,37.0,49.0,Basic MCTS,2,Basic MCTS,2,1,1,Basic MCTS,Basic MCTS,Basic MCTS,0
-650173733,SushiGo,3,GAME_OVER,60,0,2,140,Basic MCTS,53.0,54.0,Basic MCTS,2,Basic MCTS,2,1,1,Basic MCTS,Basic MCTS,Basic MCTS,0
-1567683149,SushiGo,3,GAME_OVER,62,0,2,141,Basic MCTS,42.0,60.0,Basic MCTS,2,Basic MCTS,2,1,1,Basic MCTS,Basic MCTS,Basic MCTS,0
968865470,SushiGo,3,GAME_OVER,62,0,2,142,Basic MCTS,41.0,54.0,Basic MCTS,2,Basic MCTS,2,1,1,Basic MCTS,Basic MCTS,Basic MCTS,0
2002296535,SushiGo,3,GAME_OVER,62,0,2,143,Basic MCTS,40.0,33.0,Basic MCTS,1,Basic MCTS,1,2,2,Basic MCTS,Basic MCTS,Basic MCTS,1
375451423,SushiGo,3,GAME_OVER,61,0,2,144,Basic MCTS,38.0,53.0,Basic MCTS,2,Basic MCTS,2,1,1,Basic MCTS,Basic MCTS,Basic MCTS,0
-2103348381,SushiGo,3,GAME_OVER,63,0,2,145,Basic MCTS,42.0,36.0,Basic MCTS,1,Basic MCTS,1,2,2,Basic MCTS,Basic MCTS,Basic MCTS,1
1342038375,SushiGo,3,GAME_OVER,62,0,2,146,Basic MCTS,50.0,50.0,Basic MCTS,2,Basic MCTS,2,1,1,Basic MCTS,Basic MCTS,Basic MCTS,0
1400281323,SushiGo,3,GAME_OVER,63,0,2,147,Basic MCTS,35.0,53.0,Basic MCTS,2,Basic MCTS,2,1,1,Basic MCTS,Basic MCTS,Basic MCTS,0
-96507681,SushiGo,3,GAME_OVER,61,0,2,148,Basic MCTS,42.0,50.0,Basic MCTS,2,Basic MCTS,2,1,1,Basic MCTS,Basic MCTS,Basic MCTS,0
528391606,SushiGo,3,GAME_OVER,60,0,2,149,Basic MCTS,43.0,62.0,Basic MCTS,2,Basic MCTS,2,1,1,Basic MCTS,Basic MCTS,Basic MCTS,0
580954778,SushiGo,3,GAME_OVER,61,0,2,150,Basic MCTS,48.0,47.0,Basic MCTS,1,Basic MCTS,1,2,2,Basic MCTS,Basic MCTS,Basic MCTS,1
-638561184,SushiGo,3,GAME_OVER,64,0,2,151,Basic MCTS,37.0,51.0,Basic MCTS,2,Basic MCTS,2,1,1,Basic MCTS,Basic MCTS,Basic MCTS,0
-41114663,SushiGo,3,GAME_OVER,61,0,2,152,Basic MCTS,45.0,47.0,Basic MCTS,2,Basic MCTS,2,1,1,Basic MCTS,Basic MCTS,Basic MCTS,0
-380019667,SushiGo,3,GAME_OVER,60,0,2,153,Basic MCTS,53.0,43.0,Basic MCTS,1,Basic MCTS,1,2,2,Basic MCTS,Basic MCTS,Basic MCTS,1
-1450633361,SushiGo,3,GAME_OVER,60,0,2,154,Basic MCTS,35.0,50.0,Basic MCTS,2,Basic MCTS,2,1,1,Basic MCTS,Basic MCTS,Basic MCTS,0
640379295,SushiGo,3,GAME_OVER,60,0,2,155,Basic MCTS,42.0,57.0,Basic MCTS,2,Basic MCTS,2,1,1,Basic MCTS,Basic MCTS,Basic MCTS,0
-1644944599,SushiGo,3,GAME_OVER,62,0,2,156,Basic MCTS,35.0,51.0,Basic MCTS,2,Basic MCTS,2,1,1,Basic MCTS,Basic MCTS,Basic MCTS,0
1899022862,SushiGo,3,GAME_OVER,61,0,2,157,Basic MCTS,41.0,65.0,Basic MCTS,2,Basic MCTS,2,1,1,Basic MCTS,Basic MCTS,Basic MCTS,0
1155036243,SushiGo,3,GAME_OVER,60,0,2,158,Basic MCTS,46.0,55.0,Basic MCTS,2,Basic MCTS,2,1,1,Basic MCTS,Basic MCTS,Basic MCTS,0
1174818378,SushiGo,3,GAME_OVER,61,0,2,159,Basic MCTS,41.0,60.0,Basic MCTS,2,Basic MCTS,2,1,1,Basic MCTS,Basic MCTS,Basic MCTS,0
60820168,SushiGo,3,GAME_OVER,62,0,2,160,Basic MCTS,52.0,62.0,Basic MCTS,2,Basic MCTS,2,1,1,Basic MCTS,Basic MCTS,Basic MCTS,0
-1431110757,SushiGo,3,GAME_OVER,60,0,2,161,Basic MCTS,44.0,36.0,Basic MCTS,1,Basic MCTS,1,2,2,Basic MCTS,Basic MCTS,Basic MCTS,1
906021935,SushiGo,3,GAME_OVER,63,0,2,162,Basic MCTS,34.0,39.0,Basic MCTS,2,Basic MCTS,2,1,1,Basic MCTS,Basic MCTS,Basic MCTS,0
-1642764399,SushiGo,3,GAME_OVER,60,0,2,163,Basic MCTS,35.0,69.0,Basic MCTS,2,Basic MCTS,2,1,1,Basic MCTS,Basic MCTS,Basic MCTS,0
1260479829,SushiGo,3,GAME_OVER,60,0,2,164,Basic MCTS,44.0,47.0,Basic MCTS,2,Basic MCTS,2,1,1,Basic MCTS,Basic MCTS,Basic MCTS,0
1535167110,SushiGo,3,GAME_OVER,60,0,2,165,Basic MCTS,42.0,60.0,Basic MCTS,2,Basic MCTS,2,1,1,Basic MCTS,Basic MCTS,Basic MCTS,0
-62706232,SushiGo,3,GAME_OVER,60,0,2,166,Basic MCTS,45.0,56.0,Basic MCTS,2,Basic MCTS,2,1,1,Basic MCTS,Basic MCTS,Basic MCTS,0
1844342211,SushiGo,3,GAME_OVER,61,0,2,167,Basic MCTS,46.0,61.0,Basic MCTS,2,Basic MCTS,2,1,1,Basic MCTS,Basic MCTS,Basic MCTS,0
-1183809001,SushiGo,3,GAME_OVER,62,0,2,168,Basic MCTS,36.0,44.0,Basic MCTS,2,Basic MCTS,2,1,1,Basic MCTS,Basic MCTS,Basic MCTS,0
-1216514653,SushiGo,3,GAME_OVER,61,0,2,169,Basic MCTS,42.0,51.0,Basic MCTS,2,Basic MCTS,2,1,1,Basic MCTS,Basic MCTS,Basic MCTS,0
-1107139736,SushiGo,3,GAME_OVER,64,0,2,170,Basic MCTS,41.0,59.0,Basic MCTS,2,Basic MCTS,2,1,1,Basic MCTS,Basic MCTS,Basic MCTS,0
2089678120,SushiGo,3,GAME_OVER,61,0,2,171,Basic MCTS,39.0,46.0,Basic MCTS,2,Basic MCTS,2,1,1,Basic MCTS,Basic MCTS,Basic MCTS,0
1468444482,SushiGo,3,GAME_OVER,61,0,2,172,Basic MCTS,38.0,53.0,Basic MCTS,2,Basic MCTS,2,1,1,Basic MCTS,Basic MCTS,Basic MCTS,0
1833699295,SushiGo,3,GAME_OVER,60,0,2,173,Basic MCTS,45.0,57.0,Basic MCTS,2,Basic MCTS,2,1,1,Basic MCTS,Basic MCTS,Basic MCTS,0
-979959618,SushiGo,3,GAME_OVER,60,0,2,174,Basic MCTS,39.0,53.0,Basic MCTS,2,Basic MCTS,2,1,1,Basic MCTS,Basic MCTS,Basic MCTS,0
1229729805,SushiGo,3,GAME_OVER,60,0,2,175,Basic MCTS,36.0,57.0,Basic MCTS,2,Basic MCTS,2,1,1,Basic MCTS,Basic MCTS,Basic MCTS,0
-211626887,SushiGo,3,GAME_OVER,62,0,2,176,Basic MCTS,32.0,43.0,Basic MCTS,2,Basic MCTS,2,1,1,Basic MCTS,Basic MCTS,Basic MCTS,0
566737520,SushiGo,3,GAME_OVER,63,0,2,177,Basic MCTS,35.0,48.0,Basic MCTS,2,Basic MCTS,2,1,1,Basic MCTS,Basic MCTS,Basic MCTS,0
-608441598,SushiGo,3,GAME_OVER,63,0,2,178,Basic MCTS,38.0,53.0,Basic MCTS,2,Basic MCTS,2,1,1,Basic MCTS,Basic MCTS,Basic MCTS,0
-946651617,SushiGo,3,GAME_OVER,63,0,2,179,Basic MCTS,39.0,51.0,Basic MCTS,2,Basic MCTS,2,1,1,Basic MCTS,Basic MCTS,Basic MCTS,0
-782323308,SushiGo,3,GAME_OVER,61,0,2,180,Basic MCTS,40.0,39.0,Basic MCTS,1,Basic MCTS,1,2,2,Basic MCTS,Basic MCTS,Basic MCTS,1
1550042701,SushiGo,3,GAME_OVER,60,0,2,181,Basic MCTS,40.0,63.0,Basic MCTS,2,Basic MCTS,2,1,1,Basic MCTS,Basic MCTS,Basic MCTS,0
-1317486756,SushiGo,3,GAME_OVER,61,0,2,182,Basic MCTS,39.0,58.0,Basic MCTS,2,Basic MCTS,2,1,1,Basic MCTS,Basic MCTS,Basic MCTS,0
735747324,SushiGo,3,GAME_OVER,62,0,2,183,Basic MCTS,30.0,55.0,Basic MCTS,2,Basic MCTS,2,1,1,Basic MCTS,Basic MCTS,Basic MCTS,0
-86850142,SushiGo,3,GAME_OVER,61,0,2,184,Basic MCTS,40.0,54.0,Basic MCTS,2,Basic MCTS,2,1,1,Basic MCTS,Basic MCTS,Basic MCTS,0
-1271768864,SushiGo,3,GAME_OVER,60,0,2,185,Basic MCTS,40.0,54.0,Basic MCTS,2,Basic MCTS,2,1,1,Basic MCTS,Basic MCTS,Basic MCTS,0
-102646906,SushiGo,3,GAME_OVER,60,0,2,186,Basic MCTS,37.0,58.0,Basic MCTS,2,Basic MCTS,2,1,1,Basic MCTS,Basic MCTS,Basic MCTS,0
-57635321,SushiGo,3,GAME_OVER,63,0,2,187,Basic MCTS,43.0,53.0,Basic MCTS,2,Basic MCTS,2,1,1,Basic MCTS,Basic MCTS,Basic MCTS,0
-631037391,SushiGo,3,GAME_OVER,60,0,2,188,Basic MCTS,31.0,50.0,Basic MCTS,2,Basic MCTS,2,1,1,Basic MCTS,Basic MCTS,Basic MCTS,0
488218618,SushiGo,3,GAME_OVER,61,0,2,189,Basic MCTS,35.0,48.0,Basic MCTS,2,Basic MCTS,2,1,1,Basic MCTS,Basic MCTS,Basic MCTS,0
-1889858385,SushiGo,3,GAME_OVER,60,0,2,190,Basic MCTS,65.0,38.0,Basic MCTS,1,Basic MCTS,1,2,2,Basic MCTS,Basic MCTS,Basic MCTS,1
-623671941,SushiGo,3,GAME_OVER,61,0,2,191,Basic MCTS,44.0,43.0,Basic MCTS,1,Basic MCTS,1,2,2,Basic MCTS,Basic MCTS,Basic MCTS,1
187674316,SushiGo,3,GAME_OVER,61,0,2,192,Basic MCTS,42.0,39.0,Basic MCTS,1,Basic MCTS,1,2,2,Basic MCTS,Basic MCTS,Basic MCTS,1
834216199,SushiGo,3,GAME_OVER,60,0,2,193,Basic MCTS,46.0,54.0,Basic MCTS,2,Basic MCTS,2,1,1,Basic MCTS,Basic MCTS,Basic MCTS,0
1921493154,SushiGo,3,GAME_OVER,62,0,2,194,Basic MCTS,44.0,65.0,Basic MCTS,2,Basic MCTS,2,1,1,Basic MCTS,Basic MCTS,Basic MCTS,0
174782146,SushiGo,3,GAME_OVER,61,0,2,195,Basic MCTS,49.0,45.0,Basic MCTS,1,Basic MCTS,1,2,2,Basic MCTS,Basic MCTS,Basic MCTS,1
-87646011,SushiGo,3,GAME_OVER,60,0,2,196,Basic MCTS,44.0,66.0,Basic MCTS,2,Basic MCTS,2,1,1,Basic MCTS,Basic MCTS,Basic MCTS,0
1609617282,SushiGo,3,GAME_OVER,62,0,2,197,Basic MCTS,49.0,69.0,Basic MCTS,2,Basic MCTS,2,1,1,Basic MCTS,Basic MCTS,Basic MCTS,0
1760171303,SushiGo,3,GAME_OVER,61,0,2,198,Basic MCTS,48.0,49.0,Basic MCTS,2,Basic MCTS,2,1,1,Basic MCTS,Basic MCTS,Basic MCTS,0
-141553145,SushiGo,3,GAME_OVER,61,0,2,199,Basic MCTS,40.0,58.0,Basic MCTS,2,Basic MCTS,2,1,1,Basic MCTS,Basic MCTS,Basic MCTS,0
1449143091,SushiGo,3,GAME_OVER,60,0,2,200,Basic MCTS,41.0,63.0,Basic MCTS,2,Basic MCTS,2,1,1,Basic MCTS,Basic MCTS,Basic MCTS,0
-954296662,SushiGo,3,GAME_OVER,61,0,2,201,Basic MCTS,30.0,46.0,Basic MCTS,2,Basic MCTS,2,1,1,Basic MCTS,Basic MCTS,Basic MCTS,0
-255868503,SushiGo,3,GAME_OVER,61,0,2,202,Basic MCTS,42.0,52.0,Basic MCTS,2,Basic MCTS,2,1,1,Basic MCTS,Basic MCTS,Basic MCTS,0
-116635895,SushiGo,3,GAME_OVER,62,0,2,203,Basic MCTS,41.0,54.0,Basic MCTS,2,Basic MCTS,2,1,1,Basic MCTS,Basic MCTS,Basic MCTS,0
-1898534082,SushiGo,3,GAME_OVER,62,0,2,204,Basic MCTS,50.0,55.0,Basic MCTS,2,Basic MCTS,2,1,1,Basic MCTS,Basic MCTS,Basic MCTS,0
658393718,SushiGo,3,GAME_OVER,63,0,2,205,Basic MCTS,43.0,47.0,Basic MCTS,2,Basic MCTS,2,1,1,Basic MCTS,Basic MCTS,Basic MCTS,0
2097534744,SushiGo,3,GAME_OVER,62,0,2,206,Basic MCTS,40.0,50.0,Basic MCTS,2,Basic MCTS,2,1,1,Basic MCTS,Basic MCTS,Basic MCTS,0
-1891851982,SushiGo,3,GAME_OVER,61,0,2,207,Basic MCTS,33.0,54.0,Basic MCTS,2,Basic MCTS,2,1,1,Basic MCTS,Basic MCTS,Basic MCTS,0
-331426663,SushiGo,3,GAME_OVER,61,0,2,208,Basic MCTS,31.0,46.0,Basic MCTS,2,Basic MCTS,2,1,1,Basic MCTS,Basic MCTS,Basic MCTS,0
1919103941,SushiGo,3,GAME_OVER,61,0,2,209,Basic MCTS,36.0,56.0,Basic MCTS,2,Basic MCTS,2,1,1,Basic MCTS,Basic MCTS,Basic MCTS,0
-232742384,SushiGo,3,GAME_OVER,60,0,2,210,Basic MCTS,43.0,51.0,Basic MCTS,2,Basic MCTS,2,1,1,Basic MCTS,Basic MCTS,Basic MCTS,0
-236564248,SushiGo,3,GAME_OVER,63,0,2,211,Basic MCTS,32.0,53.0,Basic MCTS,2,Basic MCTS,2,1,1,Basic MCTS,Basic MCTS,Basic MCTS,0
1446486608,SushiGo,3,GAME_OVER,62,0,2,212,Basic MCTS,34.0,49.0,Basic MCTS,2,Basic MCTS,2,1,1,Basic MCTS,Basic MCTS,Basic MCTS,0
-708727847,SushiGo,3,GAME_OVER,60,0,2,213,Basic MCTS,51.0,71.0,Basic MCTS,2,Basic MCTS,2,1,1,Basic MCTS,Basic MCTS,Basic MCTS,0
126679867,SushiGo,3,GAME_OVER,60,0,2,214,Basic MCTS,38.0,58.0,Basic MCTS,2,Basic MCTS,2,1,1,Basic MCTS,Basic MCTS,Basic MCTS,0
12187170,SushiGo,3,GAME_OVER,64,0,2,215,Basic MCTS,42.0,63.0,Basic MCTS,2,Basic MCTS,2,1,1,Basic MCTS,Basic MCTS,Basic MCTS,0
-918417469,SushiGo,3,GAME_OVER,64,0,2,216,Basic MCTS,43.0,52.0,Basic MCTS,2,Basic MCTS,2,1,1,Basic MCTS,Basic MCTS,Basic MCTS,0
-2014151930,SushiGo,3,GAME_OVER,61,0,2,217,Basic MCTS,33.0,50.0,Basic MCTS,2,Basic MCTS,2,1,1,Basic MCTS,Basic MCTS,Basic MCTS,0
127226354,SushiGo,3,GAME_OVER,62,0,2,218,Basic MCTS,45.0,51.0,Basic MCTS,2,Basic MCTS,2,1,1,Basic MCTS,Basic MCTS,Basic MCTS,0
-1842839491,SushiGo,3,GAME_OVER,60,0,2,219,Basic MCTS,38.0,40.0,Basic MCTS,2,Basic MCTS,2,1,1,Basic MCTS,Basic MCTS,Basic MCTS,0
1475141105,SushiGo,3,GAME_OVER,62,0,2,220,Basic MCTS,38.0,53.0,Basic MCTS,2,Basic MCTS,2,1,1,Basic MCTS,Basic MCTS,Basic MCTS,0
1853943462,SushiGo,3,GAME_OVER,62,0,2,221,Basic MCTS,38.0,46.0,Basic MCTS,2,Basic MCTS,2,1,1,Basic MCTS,Basic MCTS,Basic MCTS,0
-914735830,SushiGo,3,GAME_OVER,62,0,2,222,Basic MCTS,39.0,51.0,Basic MCTS,2,Basic MCTS,2,1,1,Basic MCTS,Basic MCTS,Basic MCTS,0
-1291471089,SushiGo,3,GAME_OVER,61,0,2,223,Basic MCTS,33.0,51.0,Basic MCTS,2,Basic MCTS,2,1,1,Basic MCTS,Basic MCTS,Basic MCTS,0
10545401,SushiGo,3,GAME_OVER,60,0,2,224,Basic MCTS,47.0,56.0,Basic MCTS,2,Basic MCTS,2,1,1,Basic MCTS,Basic MCTS,Basic MCTS,0
141548111,SushiGo,3,GAME_OVER,62,0,2,225,Basic MCTS,33.0,48.0,Basic MCTS,2,Basic MCTS,2,1,1,Basic MCTS,Basic MCTS,Basic MCTS,0
1058584205,SushiGo,3,GAME_OVER,60,0,2,226,Basic MCTS,51.0,40.0,Basic MCTS,1,Basic MCTS,1,2,2,Basic MCTS,Basic MCTS,Basic MCTS,1
211927356,SushiGo,3,GAME_OVER,60,0,2,227,Basic MCTS,37.0,57.0,Basic MCTS,2,Basic MCTS,2,1,1,Basic MCTS,Basic MCTS,Basic MCTS,0
-1029778978,SushiGo,3,GAME_OVER,61,0,2,228,Basic MCTS,42.0,48.0,Basic MCTS,2,Basic MCTS,2,1,1,Basic MCTS,Basic MCTS,Basic MCTS,0
-1116669881,SushiGo,3,GAME_OVER,61,0,2,229,Basic MCTS,47.0,44.0,Basic MCTS,1,Basic MCTS,1,2,2,Basic MCTS,Basic MCTS,Basic MCTS,1
1930847207,SushiGo,3,GAME_OVER,62,0,2,230,Basic MCTS,49.0,62.0,Basic MCTS,2,Basic MCTS,2,1,1,Basic MCTS,Basic MCTS,Basic MCTS,0
1204042696,SushiGo,3,GAME_OVER,63,0,2,231,Basic MCTS,34.0,36.0,Basic MCTS,2,Basic MCTS,2,1,1,Basic MCTS,Basic MCTS,Basic MCTS,0
1854341258,SushiGo,3,GAME_OVER,61,0,2,232,Basic MCTS,37.0,52.0,Basic MCTS,2,Basic MCTS,2,1,1,Basic MCTS,Basic MCTS,Basic MCTS,0
760044856,SushiGo,3,GAME_OVER,61,0,2,233,Basic MCTS,42.0,48.0,Basic MCTS,2,Basic MCTS,2,1,1,Basic MCTS,Basic MCTS,Basic MCTS,0
-230780221,SushiGo,3,GAME_OVER,63,0,2,234,Basic MCTS,36.0,36.0,Basic MCTS,1,Basic MCTS,1,2,2,Basic MCTS,Basic MCTS,Basic MCTS,1
-1500989715,SushiGo,3,GAME_OVER,60,0,2,235,Basic MCTS,49.0,65.0,Basic MCTS,2,Basic MCTS,2,1,1,Basic MCTS,Basic MCTS,Basic MCTS,0
751911445,SushiGo,3,GAME_OVER,61,0,2,236,Basic MCTS,37.0,50.0,Basic MCTS,2,Basic MCTS,2,1,1,Basic MCTS,Basic MCTS,Basic MCTS,0
-944442593,SushiGo,3,GAME_OVER,60,0,2,237,Basic MCTS,49.0,48.0,Basic MCTS,1,Basic MCTS,1,2,2,Basic MCTS,Basic MCTS,Basic MCTS,1
-935277995,SushiGo,3,GAME_OVER,61,0,2,238,Basic MCTS,52.0,54.0,Basic MCTS,2,Basic MCTS,2,1,1,Basic MCTS,Basic MCTS,Basic MCTS,0
247835695,SushiGo,3,GAME_OVER,60,0,2,239,Basic MCTS,42.0,41.0,Basic MCTS,1,Basic MCTS,1,2,2,Basic MCTS,Basic MCTS,Basic MCTS,1
-1624668346,SushiGo,3,GAME_OVER,62,0,2,240,Basic MCTS,43.0,57.0,Basic MCTS,2,Basic MCTS,2,1,1,Basic MCTS,Basic MCTS,Basic MCTS,0
1838559114,SushiGo,3,GAME_OVER,61,0,2,241,Basic MCTS,38.0,53.0,Basic MCTS,2,Basic MCTS,2,1,1,Basic MCTS,Basic MCTS,Basic MCTS,0
262936474,SushiGo,3,GAME_OVER,62,0,2,242,Basic MCTS,42.0,65.0,Basic MCTS,2,Basic MCTS,2,1,1,Basic MCTS,Basic MCTS,Basic MCTS,0
-2019278420,SushiGo,3,GAME_OVER,65,0,2,243,Basic MCTS,36.0,49.0,Basic MCTS,2,Basic MCTS,2,1,1,Basic MCTS,Basic MCTS,Basic MCTS,0
-1661237415,SushiGo,3,GAME_OVER,63,0,2,244,Basic MCTS,37.0,51.0,Basic MCTS,2,Basic MCTS,2,1,1,Basic MCTS,Basic MCTS,Basic MCTS,0
830372098,SushiGo,3,GAME_OVER,60,0,2,245,Basic MCTS,41.0,48.0,Basic MCTS,2,Basic MCTS,2,1,1,Basic MCTS,Basic MCTS,Basic MCTS,0
-1794082882,SushiGo,3,GAME_OVER,62,0,2,246,Basic MCTS,42.0,55.0,Basic MCTS,2,Basic MCTS,2,1,1,Basic MCTS,Basic MCTS,Basic MCTS,0
-2136969544,SushiGo,3,GAME_OVER,60,0,2,247,Basic MCTS,46.0,46.0,Basic MCTS,1,Basic MCTS,1,2,2,Basic MCTS,Basic MCTS,Basic MCTS,1
-1613804798,SushiGo,3,GAME_OVER,60,0,2,248,Basic MCTS,46.0,62.0,Basic MCTS,2,Basic MCTS,2,1,1,Basic MCTS,Basic MCTS,Basic MCTS,0
1066856389,SushiGo,3,GAME_OVER,62,0,2,249,Basic MCTS,45.0,44.0,Basic MCTS,1,Basic MCTS,1,2,2,Basic MCTS,Basic MCTS,Basic MCTS,1
-673053507,SushiGo,3,GAME_OVER,66,0,2,250,Basic MCTS,42.0,50.0,Basic MCTS,2,Basic MCTS,2,1,1,Basic MCTS,Basic MCTS,Basic MCTS,0
-1416735319,SushiGo,3,GAME_OVER,64,0,2,251,Basic MCTS,34.0,37.0,Basic MCTS,2,Basic MCTS,2,1,1,Basic MCTS,Basic MCTS,Basic MCTS,0
346665430,SushiGo,3,GAME_OVER,63,0,2,252,Basic MCTS,58.0,40.0,Basic MCTS,1,Basic MCTS,1,2,2,Basic MCTS,Basic MCTS,Basic MCTS,1
879079583,SushiGo,3,GAME_OVER,63,0,2,253,Basic MCTS,55.0,46.0,Basic MCTS,1,Basic MCTS,1,2,2,Basic MCTS,Basic MCTS,Basic MCTS,1
-619666105,SushiGo,3,GAME_OVER,62,0,2,254,Basic MCTS,47.0,29.0,Basic MCTS,1,Basic MCTS,1,2,2,Basic MCTS,Basic MCTS,Basic MCTS,1
503938916,SushiGo,3,GAME_OVER,60,0,2,255,Basic MCTS,68.0,39.0,Basic MCTS,1,Basic MCTS,1,2,2,Basic MCTS,Basic MCTS,Basic MCTS,1
-428737539,SushiGo,3,GAME_OVER,62,0,2,256,Basic MCTS,48.0,36.0,Basic MCTS,1,Basic MCTS,1,2,2,Basic MCTS,Basic MCTS,Basic MCTS,1
-1745970416,SushiGo,3,GAME_OVER,62,0,2,257,Basic MCTS,56.0,36.0,Basic MCTS,1,Basic MCTS,1,2,2,Basic MCTS,Basic MCTS,Basic MCTS,1
-1436161366,SushiGo,3,GAME_OVER,63,0,2,258,Basic MCTS,41.0,37.0,Basic MCTS,1,Basic MCTS,1,2,2,Basic MCTS,Basic MCTS,Basic MCTS,1
-1151041315,SushiGo,3,GAME_OVER,62,0,2,259,Basic MCTS,48.0,47.0,Basic MCTS,1,Basic MCTS,1,2,2,Basic MCTS,Basic MCTS,Basic MCTS,1
697067980,SushiGo,3,GAME_OVER,63,0,2,260,Basic MCTS,52.0,36.0,Basic MCTS,1,Basic MCTS,1,2,2,Basic MCTS,Basic MCTS,Basic MCTS,1
1168140970,SushiGo,3,GAME_OVER,62,0,2,261,Basic MCTS,61.0,43.0,Basic MCTS,1,Basic MCTS,1,2,2,Basic MCTS,Basic MCTS,Basic MCTS,1
-1491060889,SushiGo,3,GAME_OVER,60,0,2,262,Basic MCTS,57.0,32.0,Basic MCTS,1,Basic MCTS,1,2,2,Basic MCTS,Basic MCTS,Basic MCTS,1
-1819802610,SushiGo,3,GAME_OVER,61,0,2,263,Basic MCTS,63.0,40.0,Basic MCTS,1,Basic MCTS,1,2,2,Basic MCTS,Basic MCTS,Basic MCTS,1
-2121274456,SushiGo,3,GAME_OVER,61,0,2,264,Basic MCTS,52.0,41.0,Basic MCTS,1,Basic MCTS,1,2,2,Basic MCTS,Basic MCTS,Basic MCTS,1
259280696,SushiGo,3,GAME_OVER,61,0,2,265,Basic MCTS,51.0,39.0,Basic MCTS,1,Basic MCTS,1,2,2,Basic MCTS,Basic MCTS,Basic MCTS,1
1706137030,SushiGo,3,GAME_OVER,61,0,2,266,Basic MCTS,47.0,48.0,Basic MCTS,2,Basic MCTS,2,1,1,Basic MCTS,Basic MCTS,Basic MCTS,0
545138396,SushiGo,3,GAME_OVER,61,0,2,267,Basic MCTS,49.0,43.0,Basic MCTS,1,Basic MCTS,1,2,2,Basic MCTS,Basic MCTS,Basic MCTS,1
1376458976,SushiGo,3,GAME_OVER,62,0,2,268,Basic MCTS,56.0,35.0,Basic MCTS,1,Basic MCTS,1,2,2,Basic MCTS,Basic MCTS,Basic MCTS,1
1195311045,SushiGo,3,GAME_OVER,60,0,2,269,Basic MCTS,49.0,35.0,Basic MCTS,1,Basic MCTS,1,2,2,Basic MCTS,Basic MCTS,Basic MCTS,1
813477029,SushiGo,3,GAME_OVER,61,0,2,270,Basic MCTS,65.0,47.0,Basic MCTS,1,Basic MCTS,1,2,2,Basic MCTS,Basic MCTS,Basic MCTS,1
-1466178614,SushiGo,3,GAME_OVER,62,0,2,271,Basic MCTS,52.0,58.0,Basic MCTS,2,Basic MCTS,2,1,1,Basic MCTS,Basic MCTS,Basic MCTS,0
-118322159,SushiGo,3,GAME_OVER,61,0,2,272,Basic MCTS,44.0,34.0,Basic MCTS,1,Basic MCTS,1,2,2,Basic MCTS,Basic MCTS,Basic MCTS,1
-1428166355,SushiGo,3,GAME_OVER,61,0,2,273,Basic MCTS,63.0,53.0,Basic MCTS,1,Basic MCTS,1,2,2,Basic MCTS,Basic MCTS,Basic MCTS,1
1144294523,SushiGo,3,GAME_OVER,61,0,2,274,Basic MCTS,45.0,38.0,Basic MCTS,1,Basic MCTS,1,2,2,Basic MCTS,Basic MCTS,Basic MCTS,1
2100098225,SushiGo,3,GAME_OVER,64,0,2,275,Basic MCTS,69.0,41.0,Basic MCTS,1,Basic MCTS,1,2,2,Basic MCTS,Basic MCTS,Basic MCTS,1
23994827,SushiGo,3,GAME_OVER,62,0,2,276,Basic MCTS,58.0,43.0,Basic MCTS,1,Basic MCTS,1,2,2,Basic MCTS,Basic MCTS,Basic MCTS,1
1662792176,SushiGo,3,GAME_OVER,60,0,2,277,Basic MCTS,43.0,45.0,Basic MCTS,2,Basic MCTS,2,1,1,Basic MCTS,Basic MCTS,Basic MCTS,0
2013120665,SushiGo,3,GAME_OVER,61,0,2,278,Basic MCTS,61.0,40.0,Basic MCTS,1,Basic MCTS,1,2,2,Basic MCTS,Basic MCTS,Basic MCTS,1
-1880183632,SushiGo,3,GAME_OVER,61,0,2,279,Basic MCTS,41.0,41.0,Basic MCTS,2,Basic MCTS,2,1,1,Basic MCTS,Basic MCTS,Basic MCTS,0
-1377239692,SushiGo,3,GAME_OVER,64,0,2,280,Basic MCTS,60.0,41.0,Basic MCTS,1,Basic MCTS,1,2,2,Basic MCTS,Basic MCTS,Basic MCTS,1
1795532617,SushiGo,3,GAME_OVER,62,0,2,281,Basic MCTS,61.0,44.0,Basic MCTS,1,Basic MCTS,1,2,2,Basic MCTS,Basic MCTS,Basic MCTS,1
-1548656463,SushiGo,3,GAME_OVER,60,0,2,282,Basic MCTS,68.0,46.0,Basic MCTS,1,Basic MCTS,1,2,2,Basic MCTS,Basic MCTS,Basic MCTS,1
-653656736,SushiGo,3,GAME_OVER,61,0,2,283,Basic MCTS,59.0,50.0,Basic MCTS,1,Basic MCTS,1,2,2,Basic MCTS,Basic MCTS,Basic MCTS,1
-400394132,SushiGo,3,GAME_OVER,60,0,2,284,Basic MCTS,45.0,48.0,Basic MCTS,2,Basic MCTS,2,1,1,Basic MCTS,Basic MCTS,Basic MCTS,0
-1422203009,SushiGo,3,GAME_OVER,62,0,2,285,Basic MCTS,58.0,49.0,Basic MCTS,1,Basic MCTS,1,2,2,Basic MCTS,Basic MCTS,Basic MCTS,1
-1113178468,SushiGo,3,GAME_OVER,62,0,2,286,Basic MCTS,51.0,34.0,Basic MCTS,1,Basic MCTS,1,2,2,Basic MCTS,Basic MCTS,Basic MCTS,1
-175367348,SushiGo,3,GAME_OVER,63,0,2,287,Basic MCTS,48.0,46.0,Basic MCTS,1,Basic MCTS,1,2,2,Basic MCTS,Basic MCTS,Basic MCTS,1
1362911089,SushiGo,3,GAME_OVER,60,0,2,288,Basic MCTS,55.0,41.0,Basic MCTS,1,Basic MCTS,1,2,2,Basic MCTS,Basic MCTS,Basic MCTS,1
-347120262,SushiGo,3,GAME_OVER,61,0,2,289,Basic MCTS,55.0,47.0,Basic MCTS,1,Basic MCTS,1,2,2,Basic MCTS,Basic MCTS,Basic MCTS,1
1416514647,SushiGo,3,GAME_OVER,63,0,2,290,Basic MCTS,64.0,41.0,Basic MCTS,1,Basic MCTS,1,2,2,Basic MCTS,Basic MCTS,Basic MCTS,1
-1570736736,SushiGo,3,GAME_OVER,61,0,2,291,Basic MCTS,39.0,47.0,Basic MCTS,2,Basic MCTS,2,1,1,Basic MCTS,Basic MCTS,Basic MCTS,0
-1532681659,SushiGo,3,GAME_OVER,60,0,2,292,Basic MCTS,42.0,47.0,Basic MCTS,2,Basic MCTS,2,1,1,Basic MCTS,Basic MCTS,Basic MCTS,0
2038358424,SushiGo,3,GAME_OVER,62,0,2,293,Basic MCTS,53.0,45.0,Basic MCTS,1,Basic MCTS,1,2,2,Basic MCTS,Basic MCTS,Basic MCTS,1
1950377550,SushiGo,3,GAME_OVER,62,0,2,294,Basic MCTS,45.0,40.0,Basic MCTS,1,Basic MCTS,1,2,2,Basic MCTS,Basic MCTS,Basic MCTS,1
-389679841,SushiGo,3,GAME_OVER,61,0,2,295,Basic MCTS,59.0,35.0,Basic MCTS,1,Basic MCTS,1,2,2,Basic MCTS,Basic MCTS,Basic MCTS,1
-1652369011,SushiGo,3,GAME_OVER,62,0,2,296,Basic MCTS,59.0,38.0,Basic MCTS,1,Basic MCTS,1,2,2,Basic MCTS,Basic MCTS,Basic MCTS,1
649728961,SushiGo,3,GAME_OVER,62,0,2,297,Basic MCTS,45.0,38.0,Basic MCTS,1,Basic MCTS,1,2,2,Basic MCTS,Basic MCTS,Basic MCTS,1
1939385821,SushiGo,3,GAME_OVER,60,0,2,298,Basic MCTS,54.0,42.0,Basic MCTS,1,Basic MCTS,1,2,2,Basic MCTS,Basic MCTS,Basic MCTS,1
-765151654,SushiGo,3,GAME_OVER,62,0,2,299,Basic MCTS,66.0,51.0,Basic MCTS,1,Basic MCTS,1,2,2,Basic MCTS,Basic MCTS,Basic MCTS,1
-382843140,SushiGo,3,GAME_OVER,62,0,2,300,Basic MCTS,60.0,54.0,Basic MCTS,1,Basic MCTS,1,2,2,Basic MCTS,Basic MCTS,Basic MCTS,1
1616233144,SushiGo,3,GAME_OVER,61,0,2,301,Basic MCTS,47.0,36.0,Basic MCTS,1,Basic MCTS,1,2,2,Basic MCTS,Basic MCTS,Basic MCTS,1
-1825767405,SushiGo,3,GAME_OVER,60,0,2,302,Basic MCTS,51.0,52.0,Basic MCTS,2,Basic MCTS,2,1,1,Basic MCTS,Basic MCTS,Basic MCTS,0
-1681345762,SushiGo,3,GAME_OVER,61,0,2,303,Basic MCTS,61.0,38.0,Basic MCTS,1,Basic MCTS,1,2,2,Basic MCTS,Basic MCTS,Basic MCTS,1
-1466223696,SushiGo,3,GAME_OVER,62,0,2,304,Basic MCTS,56.0,45.0,Basic MCTS,1,Basic MCTS,1,2,2,Basic MCTS,Basic MCTS,Basic MCTS,1
-898042700,SushiGo,3,GAME_OVER,62,0,2,305,Basic MCTS,64.0,42.0,Basic MCTS,1,Basic MCTS,1,2,2,Basic MCTS,Basic MCTS,Basic MCTS,1
-622095176,SushiGo,3,GAME_OVER,60,0,2,306,Basic MCTS,43.0,40.0,Basic MCTS,1,Basic MCTS,1,2,2,Basic MCTS,Basic MCTS,Basic MCTS,1
-1621553363,SushiGo,3,GAME_OVER,62,0,2,307,Basic MCTS,61.0,46.0,Basic MCTS,1,Basic MCTS,1,2,2,Basic MCTS,Basic MCTS,Basic MCTS,1
2021511387,SushiGo,3,GAME_OVER,60,0,2,308,Basic MCTS,51.0,45.0,Basic MCTS,1,Basic MCTS,1,2,2,Basic MCTS,Basic MCTS,Basic MCTS,1
-1677040338,SushiGo,3,GAME_OVER,61,0,2,309,Basic MCTS,63.0,43.0,Basic MCTS,1,Basic MCTS,1,2,2,Basic MCTS,Basic MCTS,Basic MCTS,1
1955989905,SushiGo,3,GAME_OVER,60,0,2,310,Basic MCTS,42.0,34.0,Basic MCTS,1,Basic MCTS,1,2,2,Basic MCTS,Basic MCTS,Basic MCTS,1
-1876231119,SushiGo,3,GAME_OVER,62,0,2,311,Basic MCTS,55.0,32.0,Basic MCTS,1,Basic MCTS,1,2,2,Basic MCTS,Basic MCTS,Basic MCTS,1
-1294795098,SushiGo,3,GAME_OVER,61,0,2,312,Basic MCTS,39.0,42.0,Basic MCTS,2,Basic MCTS,2,1,1,Basic MCTS,Basic MCTS,Basic MCTS,0
127372284,SushiGo,3,GAME_OVER,61,0,2,313,Basic MCTS,55.0,42.0,Basic MCTS,1,Basic MCTS,1,2,2,Basic MCTS,Basic MCTS,Basic MCTS,1
-991207967,SushiGo,3,GAME_OVER,60,0,2,314,Basic MCTS,57.0,42.0,Basic MCTS,1,Basic MCTS,1,2,2,Basic MCTS,Basic MCTS,Basic MCTS,1
1049258221,SushiGo,3,GAME_OVER,60,0,2,315,Basic MCTS,61.0,41.0,Basic MCTS,1,Basic MCTS,1,2,2,Basic MCTS,Basic MCTS,Basic MCTS,1
-2039767727,SushiGo,3,GAME_OVER,60,0,2,316,Basic MCTS,56.0,38.0,Basic MCTS,1,Basic MCTS,1,2,2,Basic MCTS,Basic MCTS,Basic MCTS,1
1908179359,SushiGo,3,GAME_OVER,62,0,2,317,Basic MCTS,71.0,51.0,Basic MCTS,1,Basic MCTS,1,2,2,Basic MCTS,Basic MCTS,Basic MCTS,1
1115136563,SushiGo,3,GAME_OVER,62,0,2,318,Basic MCTS,56.0,38.0,Basic MCTS,1,Basic MCTS,1,2,2,Basic MCTS,Basic MCTS,Basic MCTS,1
-1493045323,SushiGo,3,GAME_OVER,60,0,2,319,Basic MCTS,54.0,40.0,Basic MCTS,1,Basic MCTS,1,2,2,Basic MCTS,Basic MCTS,Basic MCTS,1
-394703714,SushiGo,3,GAME_OVER,61,0,2,320,Basic MCTS,43.0,36.0,Basic MCTS,1,Basic MCTS,1,2,2,Basic MCTS,Basic MCTS,Basic MCTS,1
-432712488,SushiGo,3,GAME_OVER,60,0,2,321,Basic MCTS,53.0,28.0,Basic MCTS,1,Basic MCTS,1,2,2,Basic MCTS,Basic MCTS,Basic MCTS,1
491282519,SushiGo,3,GAME_OVER,61,0,2,322,Basic MCTS,45.0,43.0,Basic MCTS,1,Basic MCTS,1,2,2,Basic MCTS,Basic MCTS,Basic MCTS,1
-884033504,SushiGo,3,GAME_OVER,63,0,2,323,Basic MCTS,42.0,35.0,Basic MCTS,1,Basic MCTS,1,2,2,Basic MCTS,Basic MCTS,Basic MCTS,1
991772015,SushiGo,3,GAME_OVER,63,0,2,324,Basic MCTS,49.0,36.0,Basic MCTS,1,Basic MCTS,1,2,2,Basic MCTS,Basic MCTS,Basic MCTS,1
-835279488,SushiGo,3,GAME_OVER,60,0,2,325,Basic MCTS,64.0,50.0,Basic MCTS,1,Basic MCTS,1,2,2,Basic MCTS,Basic MCTS,Basic MCTS,1
288423849,SushiGo,3,GAME_OVER,60,0,2,326,Basic MCTS,48.0,39.0,Basic MCTS,1,Basic MCTS,1,2,2,Basic MCTS,Basic MCTS,Basic MCTS,1
306462715,SushiGo,3,GAME_OVER,61,0,2,327,Basic MCTS,63.0,31.0,Basic MCTS,1,Basic MCTS,1,2,2,Basic MCTS,Basic MCTS,Basic MCTS,1
-1595934290,SushiGo,3,GAME_OVER,60,0,2,328,Basic MCTS,55.0,45.0,Basic MCTS,1,Basic MCTS,1,2,2,Basic MCTS,Basic MCTS,Basic MCTS,1
372545689,SushiGo,3,GAME_OVER,61,0,2,329,Basic MCTS,43.0,39.0,Basic MCTS,1,Basic MCTS,1,2,2,Basic MCTS,Basic MCTS,Basic MCTS,1
-1791317608,SushiGo,3,GAME_OVER,64,0,2,330,Basic MCTS,50.0,44.0,Basic MCTS,1,Basic MCTS,1,2,2,Basic MCTS,Basic MCTS,Basic MCTS,1
594493312,SushiGo,3,GAME_OVER,63,0,2,331,Basic MCTS,39.0,42.0,Basic MCTS,2,Basic MCTS,2,1,1,Basic MCTS,Basic MCTS,Basic MCTS,0
1375946348,SushiGo,3,GAME_OVER,60,0,2,332,Basic MCTS,48.0,40.0,Basic MCTS,1,Basic MCTS,1,2,2,Basic MCTS,Basic MCTS,Basic MCTS,1
-1004766817,SushiGo,3,GAME_OVER,60,0,2,333,Basic MCTS,53.0,44.0,Basic MCTS,1,Basic MCTS,1,2,2,Basic MCTS,Basic MCTS,Basic MCTS,1
714044006,SushiGo,3,GAME_OVER,60,0,2,334,Basic MCTS,54.0,39.0,Basic MCTS,1,Basic MCTS,1,2,2,Basic MCTS,Basic MCTS,Basic MCTS,1
1418075335,SushiGo,3,GAME_OVER,60,0,2,335,Basic MCTS,51.0,42.0,Basic MCTS,1,Basic MCTS,1,2,2,Basic MCTS,Basic MCTS,Basic MCTS,1
1141736524,SushiGo,3,GAME_OVER,61,0,2,336,Basic MCTS,62.0,42.0,Basic MCTS,1,Basic MCTS,1,2,2,Basic MCTS,Basic MCTS,Basic MCTS,1
443981092,SushiGo,3,GAME_OVER,63,0,2,337,Basic MCTS,37.0,31.0,Basic MCTS,1,Basic MCTS,1,2,2,Basic MCTS,Basic MCTS,Basic MCTS,1
-68629972,SushiGo,3,GAME_OVER,60,0,2,338,Basic MCTS,62.0,54.0,Basic MCTS,1,Basic MCTS,1,2,2,Basic MCTS,Basic MCTS,Basic MCTS,1
1822990971,SushiGo,3,GAME_OVER,60,0,2,339,Basic MCTS,50.0,51.0,Basic MCTS,2,Basic MCTS,2,1,1,Basic MCTS,Basic MCTS,Basic MCTS,0
268448290,SushiGo,3,GAME_OVER,62,0,2,340,Basic MCTS,58.0,47.0,Basic MCTS,1,Basic MCTS,1,2,2,Basic MCTS,Basic MCTS,Basic MCTS,1
1043028123,SushiGo,3,GAME_OVER,62,0,2,341,Basic MCTS,55.0,41.0,Basic MCTS,1,Basic MCTS,1,2,2,Basic MCTS,Basic MCTS,Basic MCTS,1
-1199211999,SushiGo,3,GAME_OVER,62,0,2,342,Basic MCTS,60.0,45.0,Basic MCTS,1,Basic MCTS,1,2,2,Basic MCTS,Basic MCTS,Basic MCTS,1
1398271441,SushiGo,3,GAME_OVER,61,0,2,343,Basic MCTS,53.0,37.0,Basic MCTS,1,Basic MCTS,1,2,2,Basic MCTS,Basic MCTS,Basic MCTS,1
648115670,SushiGo,3,GAME_OVER,62,0,2,344,Basic MCTS,62.0,41.0,Basic MCTS,1,Basic MCTS,1,2,2,Basic MCTS,Basic MCTS,Basic MCTS,1
1962877811,SushiGo,3,GAME_OVER,60,0,2,345,Basic MCTS,54.0,51.0,Basic MCTS,1,Basic MCTS,1,2,2,Basic MCTS,Basic MCTS,Basic MCTS,1
-1960070630,SushiGo,3,GAME_OVER,60,0,2,346,Basic MCTS,60.0,36.0,Basic MCTS,1,Basic MCTS,1,2,2,Basic MCTS,Basic MCTS,Basic MCTS,1
36358070,SushiGo,3,GAME_OVER,60,0,2,347,Basic MCTS,62.0,37.0,Basic MCTS,1,Basic MCTS,1,2,2,Basic MCTS,Basic MCTS,Basic MCTS,1
375050126,SushiGo,3,GAME_OVER,63,0,2,348,Basic MCTS,46.0,38.0,Basic MCTS,1,Basic MCTS,1,2,2,Basic MCTS,Basic MCTS,Basic MCTS,1
1468478823,SushiGo,3,GAME_OVER,61,0,2,349,Basic MCTS,45.0,45.0,Basic MCTS,2,Basic MCTS,2,1,1,Basic MCTS,Basic MCTS,Basic MCTS,0
-218109356,SushiGo,3,GAME_OVER,60,0,2,350,Basic MCTS,47.0,38.0,Basic MCTS,1,Basic MCTS,1,2,2,Basic MCTS,Basic MCTS,Basic MCTS,1
-3023545,SushiGo,3,GAME_OVER,62,0,2,351,Basic MCTS,44.0,47.0,Basic MCTS,2,Basic MCTS,2,1,1,Basic MCTS,Basic MCTS,Basic MCTS,0
1504533260,SushiGo,3,GAME_OVER,62,0,2,352,Basic MCTS,61.0,42.0,Basic MCTS,1,Basic MCTS,1,2,2,Basic MCTS,Basic MCTS,Basic MCTS,1
731461140,SushiGo,3,GAME_OVER,62,0,2,353,Basic MCTS,63.0,44.0,Basic MCTS,1,Basic MCTS,1,2,2,Basic MCTS,Basic MCTS,Basic MCTS,1
-784229007,SushiGo,3,GAME_OVER,63,0,2,354,Basic MCTS,63.0,42.0,Basic MCTS,1,Basic MCTS,1,2,2,Basic MCTS,Basic MCTS,Basic MCTS,1
-1136489594,SushiGo,3,GAME_OVER,61,0,2,355,Basic MCTS,53.0,41.0,Basic MCTS,1,Basic MCTS,1,2,2,Basic MCTS,Basic MCTS,Basic MCTS,1
-362921133,SushiGo,3,GAME_OVER,63,0,2,356,Basic MCTS,39.0,47.0,Basic MCTS,2,Basic MCTS,2,1,1,Basic MCTS,Basic MCTS,Basic MCTS,0
1364054475,SushiGo,3,GAME_OVER,63,0,2,357,Basic MCTS,59.0,45.0,Basic MCTS,1,Basic MCTS,1,2,2,Basic MCTS,Basic MCTS,Basic MCTS,1
814423744,SushiGo,3,GAME_OVER,65,0,2,358,Basic MCTS,43.0,41.0,Basic MCTS,1,Basic MCTS,1,2,2,Basic MCTS,Basic MCTS,Basic MCTS,1
1075196489,SushiGo,3,GAME_OVER,60,0,2,359,Basic MCTS,50.0,45.0,Basic MCTS,1,Basic MCTS,1,2,2,Basic MCTS,Basic MCTS,Basic MCTS,1
-1568387951,SushiGo,3,GAME_OVER,62,0,2,360,Basic MCTS,45.0,40.0,Basic MCTS,1,Basic MCTS,1,2,2,Basic MCTS,Basic MCTS,Basic MCTS,1
-1781053528,SushiGo,3,GAME_OVER,61,0,2,361,Basic MCTS,44.0,42.0,Basic MCTS,1,Basic MCTS,1,2,2,Basic MCTS,Basic MCTS,Basic MCTS,1
-1606283071,SushiGo,3,GAME_OVER,60,0,2,362,Basic MCTS,55.0,41.0,Basic MCTS,1,Basic MCTS,1,2,2,Basic MCTS,Basic MCTS,Basic MCTS,1
-543735179,SushiGo,3,GAME_OVER,61,0,2,363,Basic MCTS,55.0,28.0,Basic MCTS,1,Basic MCTS,1,2,2,Basic MCTS,Basic MCTS,Basic MCTS,1
1674156088,SushiGo,3,GAME_OVER,62,0,2,364,Basic MCTS,45.0,45.0,Basic MCTS,1,Basic MCTS,1,2,2,Basic MCTS,Basic MCTS,Basic MCTS,1
166348003,SushiGo,3,GAME_OVER,61,0,2,365,Basic MCTS,48.0,38.0,Basic MCTS,1,Basic MCTS,1,2,2,Basic MCTS,Basic MCTS,Basic MCTS,1
-1111867417,SushiGo,3,GAME_OVER,60,0,2,366,Basic MCTS,66.0,56.0,Basic MCTS,1,Basic MCTS,1,2,2,Basic MCTS,Basic MCTS,Basic MCTS,1
-1814791316,SushiGo,3,GAME_OVER,61,0,2,367,Basic MCTS,38.0,41.0,Basic MCTS,2,Basic MCTS,2,1,1,Basic MCTS,Basic MCTS,Basic MCTS,0
-1933375635,SushiGo,3,GAME_OVER,61,0,2,368,Basic MCTS,52.0,45.0,Basic MCTS,1,Basic MCTS,1,2,2,Basic MCTS,Basic MCTS,Basic MCTS,1
-427253403,SushiGo,3,GAME_OVER,62,0,2,369,Basic MCTS,45.0,38.0,Basic MCTS,1,Basic MCTS,1,2,2,Basic MCTS,Basic MCTS,Basic MCTS,1
-194714209,SushiGo,3,GAME_OVER,61,0,2,370,Basic MCTS,44.0,47.0,Basic MCTS,2,Basic MCTS,2,1,1,Basic MCTS,Basic MCTS,Basic MCTS,0
-2069492797,SushiGo,3,GAME_OVER,61,0,2,371,Basic MCTS,57.0,41.0,Basic MCTS,1,Basic MCTS,1,2,2,Basic MCTS,Basic MCTS,Basic MCTS,1
-1770987610,SushiGo,3,GAME_OVER,61,0,2,372,Basic MCTS,50.0,42.0,Basic MCTS,1,Basic MCTS,1,2,2,Basic MCTS,Basic MCTS,Basic MCTS,1
803393950,SushiGo,3,GAME_OVER,61,0,2,373,Basic MCTS,47.0,53.0,Basic MCTS,2,Basic MCTS,2,1,1,Basic MCTS,Basic MCTS,Basic MCTS,0
729978769,SushiGo,3,GAME_OVER,61,0,2,374,Basic MCTS,46.0,40.0,Basic MCTS,1,Basic MCTS,1,2,2,Basic MCTS,Basic MCTS,Basic MCTS,1
1696041272,SushiGo,3,GAME_OVER,61,0,2,375,Basic MCTS,50.0,37.0,Basic MCTS,1,Basic MCTS,1,2,2,Basic MCTS,Basic MCTS,Basic MCTS,1
-820865651,SushiGo,3,GAME_OVER,61,0,2,376,Basic MCTS,63.0,34.0,Basic MCTS,1,Basic MCTS,1,2,2,Basic MCTS,Basic MCTS,Basic MCTS,1
1274945941,SushiGo,3,GAME_OVER,60,0,2,377,Basic MCTS,55.0,37.0,Basic MCTS,1,Basic MCTS,1,2,2,Basic MCTS,Basic MCTS,Basic MCTS,1
309225253,SushiGo,3,GAME_OVER,60,0,2,378,Basic MCTS,59.0,39.0,Basic MCTS,1,Basic MCTS,1,2,2,Basic MCTS,Basic MCTS,Basic MCTS,1
-211487773,SushiGo,3,GAME_OVER,62,0,2,379,Basic MCTS,54.0,43.0,Basic MCTS,1,Basic MCTS,1,2,2,Basic MCTS,Basic MCTS,Basic MCTS,1
900850219,SushiGo,3,GAME_OVER,60,0,2,380,Basic MCTS,48.0,35.0,Basic MCTS,1,Basic MCTS,1,2,2,Basic MCTS,Basic MCTS,Basic MCTS,1
656084288,SushiGo,3,GAME_OVER,64,0,2,381,Basic MCTS,62.0,37.0,Basic MCTS,1,Basic MCTS,1,2,2,Basic MCTS,Basic MCTS,Basic MCTS,1
-654510776,SushiGo,3,GAME_OVER,60,0,2,382,Basic MCTS,48.0,40.0,Basic MCTS,1,Basic MCTS,1,2,2,Basic MCTS,Basic MCTS,Basic MCTS,1
367540394,SushiGo,3,GAME_OVER,60,0,2,383,Basic MCTS,57.0,56.0,Basic MCTS,1,Basic MCTS,1,2,2,Basic MCTS,Basic MCTS,Basic MCTS,1
157779522,SushiGo,3,GAME_OVER,63,0,2,384,Basic MCTS,46.0,30.0,Basic MCTS,1,Basic MCTS,1,2,2,Basic MCTS,Basic MCTS,Basic MCTS,1
-742897131,SushiGo,3,GAME_OVER,62,0,2,385,Basic MCTS,51.0,42.0,Basic MCTS,1,Basic MCTS,1,2,2,Basic MCTS,Basic MCTS,Basic MCTS,1
936541807,SushiGo,3,GAME_OVER,61,0,2,386,Basic MCTS,47.0,28.0,Basic MCTS,1,Basic MCTS,1,2,2,Basic MCTS,Basic MCTS,Basic MCTS,1
1110959865,SushiGo,3,GAME_OVER,64,0,2,387,Basic MCTS,62.0,39.0,Basic MCTS,1,Basic MCTS,1,2,2,Basic MCTS,Basic MCTS,Basic MCTS,1
-492937223,SushiGo,3,GAME_OVER,61,0,2,388,Basic MCTS,46.0,34.0,Basic MCTS,1,Basic MCTS,1,2,2,Basic MCTS,Basic MCTS,Basic MCTS,1
-1127983648,SushiGo,3,GAME_OVER,61,0,2,389,Basic MCTS,51.0,43.0,Basic MCTS,1,Basic MCTS,1,2,2,Basic MCTS,Basic MCTS,Basic MCTS,1
-650173733,SushiGo,3,GAME_OVER,60,0,2,390,Basic MCTS,52.0,57.0,Basic MCTS,2,Basic MCTS,2,1,1,Basic MCTS,Basic MCTS,Basic MCTS,0
-1567683149,SushiGo,3,GAME_OVER,61,0,2,391,Basic MCTS,45.0,50.0,Basic MCTS,2,Basic MCTS,2,1,1,Basic MCTS,Basic MCTS,Basic MCTS,0
968865470,SushiGo,3,GAME_OVER,62,0,2,392,Basic MCTS,58.0,39.0,Basic MCTS,1,Basic MCTS,1,2,2,Basic MCTS,Basic MCTS,Basic MCTS,1
2002296535,SushiGo,3,GAME_OVER,62,0,2,393,Basic MCTS,41.0,30.0,Basic MCTS,1,Basic MCTS,1,2,2,Basic MCTS,Basic MCTS,Basic MCTS,1
375451423,SushiGo,3,GAME_OVER,60,0,2,394,Basic MCTS,63.0,34.0,Basic MCTS,1,Basic MCTS,1,2,2,Basic MCTS,Basic MCTS,Basic MCTS,1
-2103348381,SushiGo,3,GAME_OVER,61,0,2,395,Basic MCTS,46.0,38.0,Basic MCTS,1,Basic MCTS,1,2,2,Basic MCTS,Basic MCTS,Basic MCTS,1
1342038375,SushiGo,3,GAME_OVER,60,0,2,396,Basic MCTS,38.0,39.0,Basic MCTS,2,Basic MCTS,2,1,1,Basic MCTS,Basic MCTS,Basic MCTS,0
1400281323,SushiGo,3,GAME_OVER,64,0,2,397,Basic MCTS,36.0,57.0,Basic MCTS,2,Basic MCTS,2,1,1,Basic MCTS,Basic MCTS,Basic MCTS,0
-96507681,SushiGo,3,GAME_OVER,61,0,2,398,Basic MCTS,43.0,38.0,Basic MCTS,1,Basic MCTS,1,2,2,Basic MCTS,Basic MCTS,Basic MCTS,1
528391606,SushiGo,3,GAME_OVER,61,0,2,399,Basic MCTS,39.0,49.0,Basic MCTS,2,Basic MCTS,2,1,1,Basic MCTS,Basic MCTS,Basic MCTS,0
580954778,SushiGo,3,GAME_OVER,62,0,2,400,Basic MCTS,49.0,40.0,Basic MCTS,1,Basic MCTS,1,2,2,Basic MCTS,Basic MCTS,Basic MCTS,1
-638561184,SushiGo,3,GAME_OVER,61,0,2,401,Basic MCTS,51.0,38.0,Basic MCTS,1,Basic MCTS,1,2,2,Basic MCTS,Basic MCTS,Basic MCTS,1
-41114663,SushiGo,3,GAME_OVER,64,0,2,402,Basic MCTS,48.0,43.0,Basic MCTS,1,Basic MCTS,1,2,2,Basic MCTS,Basic MCTS,Basic MCTS,1
-380019667,SushiGo,3,GAME_OVER,60,0,2,403,Basic MCTS,63.0,38.0,Basic MCTS,1,Basic MCTS,1,2,2,Basic MCTS,Basic MCTS,Basic MCTS,1
-1450633361,SushiGo,3,GAME_OVER,60,0,2,404,Basic MCTS,44.0,33.0,Basic MCTS,1,Basic MCTS,1,2,2,Basic MCTS,Basic MCTS,Basic MCTS,1
640379295,SushiGo,3,GAME_OVER,60,0,2,405,Basic MCTS,51.0,36.0,Basic MCTS,1,Basic MCTS,1,2,2,Basic MCTS,Basic MCTS,Basic MCTS,1
-1644944599,SushiGo,3,GAME_OVER,63,0,2,406,Basic MCTS,52.0,39.0,Basic MCTS,1,Basic MCTS,1,2,2,Basic MCTS,Basic MCTS,Basic MCTS,1
1899022862,SushiGo,3,GAME_OVER,60,0,2,407,Basic MCTS,56.0,48.0,Basic MCTS,1,Basic MCTS,1,2,2,Basic MCTS,Basic MCTS,Basic MCTS,1
1155036243,SushiGo,3,GAME_OVER,61,0,2,408,Basic MCTS,53.0,41.0,Basic MCTS,1,Basic MCTS,1,2,2,Basic MCTS,Basic MCTS,Basic MCTS,1
1174818378,SushiGo,3,GAME_OVER,61,0,2,409,Basic MCTS,51.0,45.0,Basic MCTS,1,Basic MCTS,1,2,2,Basic MCTS,Basic MCTS,Basic MCTS,1
60820168,SushiGo,3,GAME_OVER,61,0,2,410,Basic MCTS,69.0,30.0,Basic MCTS,1,Basic MCTS,1,2,2,Basic MCTS,Basic MCTS,Basic MCTS,1
-1431110757,SushiGo,3,GAME_OVER,62,0,2,411,Basic MCTS,42.0,31.0,Basic MCTS,1,Basic MCTS,1,2,2,Basic MCTS,Basic MCTS,Basic MCTS,1
906021935,SushiGo,3,GAME_OVER,62,0,2,412,Basic MCTS,53.0,37.0,Basic MCTS,1,Basic MCTS,1,2,2,Basic MCTS,Basic MCTS,Basic MCTS,1
-1642764399,SushiGo,3,GAME_OVER,60,0,2,413,Basic MCTS,50.0,39.0,Basic MCTS,1,Basic MCTS,1,2,2,Basic MCTS,Basic MCTS,Basic MCTS,1
1260479829,SushiGo,3,GAME_OVER,60,0,2,414,Basic MCTS,55.0,49.0,Basic MCTS,1,Basic MCTS,1,2,2,Basic MCTS,Basic MCTS,Basic MCTS,1
1535167110,SushiGo,3,GAME_OVER,61,0,2,415,Basic MCTS,53.0,36.0,Basic MCTS,1,Basic MCTS,1,2,2,Basic MCTS,Basic MCTS,Basic MCTS,1
-62706232,SushiGo,3,GAME_OVER,60,0,2,416,Basic MCTS,49.0,59.0,Basic MCTS,2,Basic MCTS,2,1,1,Basic MCTS,Basic MCTS,Basic MCTS,0
1844342211,SushiGo,3,GAME_OVER,63,0,2,417,Basic MCTS,55.0,47.0,Basic MCTS,1,Basic MCTS,1,2,2,Basic MCTS,Basic MCTS,Basic MCTS,1
-1183809001,SushiGo,3,GAME_OVER,62,0,2,418,Basic MCTS,43.0,32.0,Basic MCTS,1,Basic MCTS,1,2,2,Basic MCTS,Basic MCTS,Basic MCTS,1
-1216514653,SushiGo,3,GAME_OVER,61,0,2,419,Basic MCTS,45.0,45.0,Basic MCTS,2,Basic MCTS,2,1,1,Basic MCTS,Basic MCTS,Basic MCTS,0
-1107139736,SushiGo,3,GAME_OVER,62,0,2,420,Basic MCTS,60.0,38.0,Basic MCTS,1,Basic MCTS,1,2,2,Basic MCTS,Basic MCTS,Basic MCTS,1
2089678120,SushiGo,3,GAME_OVER,62,0,2,421,Basic MCTS,49.0,43.0,Basic MCTS,1,Basic MCTS,1,2,2,Basic MCTS,Basic MCTS,Basic MCTS,1
1468444482,SushiGo,3,GAME_OVER,61,0,2,422,Basic MCTS,50.0,44.0,Basic MCTS,1,Basic MCTS,1,2,2,Basic MCTS,Basic MCTS,Basic MCTS,1
1833699295,SushiGo,3,GAME_OVER,60,0,2,423,Basic MCTS,49.0,51.0,Basic MCTS,2,Basic MCTS,2,1,1,Basic MCTS,Basic MCTS,Basic MCTS,0
-979959618,SushiGo,3,GAME_OVER,60,0,2,424,Basic MCTS,54.0,53.0,Basic MCTS,1,Basic MCTS,1,2,2,Basic MCTS,Basic MCTS,Basic MCTS,1
1229729805,SushiGo,3,GAME_OVER,60,0,2,425,Basic MCTS,53.0,39.0,Basic MCTS,1,Basic MCTS,1,2,2,Basic MCTS,Basic MCTS,Basic MCTS,1
-211626887,SushiGo,3,GAME_OVER,65,0,2,426,Basic MCTS,51.0,34.0,Basic MCTS,1,Basic MCTS,1,2,2,Basic MCTS,Basic MCTS,Basic MCTS,1
566737520,SushiGo,3,GAME_OVER,64,0,2,427,Basic MCTS,61.0,34.0,Basic MCTS,1,Basic MCTS,1,2,2,Basic MCTS,Basic MCTS,Basic MCTS,1
-608441598,SushiGo,3,GAME_OVER,62,0,2,428,Basic MCTS,45.0,32.0,Basic MCTS,1,Basic MCTS,1,2,2,Basic MCTS,Basic MCTS,Basic MCTS,1
-946651617,SushiGo,3,GAME_OVER,61,0,2,429,Basic MCTS,52.0,44.0,Basic MCTS,1,Basic MCTS,1,2,2,Basic MCTS,Basic MCTS,Basic MCTS,1
-782323308,SushiGo,3,GAME_OVER,60,0,2,430,Basic MCTS,44.0,37.0,Basic MCTS,1,Basic MCTS,1,2,2,Basic MCTS,Basic MCTS,Basic MCTS,1
1550042701,SushiGo,3,GAME_OVER,60,0,2,431,Basic MCTS,58.0,45.0,Basic MCTS,1,Basic MCTS,1,2,2,Basic MCTS,Basic MCTS,Basic MCTS,1
-1317486756,SushiGo,3,GAME_OVER,62,0,2,432,Basic MCTS,44.0,50.0,Basic MCTS,2,Basic MCTS,2,1,1,Basic MCTS,Basic MCTS,Basic MCTS,0
735747324,SushiGo,3,GAME_OVER,63,0,2,433,Basic MCTS,37.0,38.0,Basic MCTS,2,Basic MCTS,2,1,1,Basic MCTS,Basic MCTS,Basic MCTS,0
-86850142,SushiGo,3,GAME_OVER,62,0,2,434,Basic MCTS,61.0,37.0,Basic MCTS,1,Basic MCTS,1,2,2,Basic MCTS,Basic MCTS,Basic MCTS,1
-1271768864,SushiGo,3,GAME_OVER,60,0,2,435,Basic MCTS,58.0,36.0,Basic MCTS,1,Basic MCTS,1,2,2,Basic MCTS,Basic MCTS,Basic MCTS,1
-102646906,SushiGo,3,GAME_OVER,61,0,2,436,Basic MCTS,56.0,39.0,Basic MCTS,1,Basic MCTS,1,2,2,Basic MCTS,Basic MCTS,Basic MCTS,1
-57635321,SushiGo,3,GAME_OVER,64,0,2,437,Basic MCTS,50.0,41.0,Basic MCTS,1,Basic MCTS,1,2,2,Basic MCTS,Basic MCTS,Basic MCTS,1
-631037391,SushiGo,3,GAME_OVER,60,0,2,438,Basic MCTS,50.0,41.0,Basic MCTS,1,Basic MCTS,1,2,2,Basic MCTS,Basic MCTS,Basic MCTS,1
488218618,SushiGo,3,GAME_OVER,60,0,2,439,Basic MCTS,65.0,44.0,Basic MCTS,1,Basic MCTS,1,2,2,Basic MCTS,Basic MCTS,Basic MCTS,1
-1889858385,SushiGo,3,GAME_OVER,60,0,2,440,Basic MCTS,47.0,49.0,Basic MCTS,2,Basic MCTS,2,1,1,Basic MCTS,Basic MCTS,Basic MCTS,0
-623671941,SushiGo,3,GAME_OVER,60,0,2,441,Basic MCTS,37.0,37.0,Basic MCTS,1,Basic MCTS,1,1,1,Basic MCTS,Basic MCTS,Basic MCTS,-1
187674316,SushiGo,3,GAME_OVER,62,0,2,442,Basic MCTS,51.0,35.0,Basic MCTS,1,Basic MCTS,1,2,2,Basic MCTS,Basic MCTS,Basic MCTS,1
834216199,SushiGo,3,GAME_OVER,60,0,2,443,Basic MCTS,54.0,48.0,Basic MCTS,1,Basic MCTS,1,2,2,Basic MCTS,Basic MCTS,Basic MCTS,1
1921493154,SushiGo,3,GAME_OVER,62,0,2,444,Basic MCTS,54.0,39.0,Basic MCTS,1,Basic MCTS,1,2,2,Basic MCTS,Basic MCTS,Basic MCTS,1
174782146,SushiGo,3,GAME_OVER,60,0,2,445,Basic MCTS,40.0,44.0,Basic MCTS,2,Basic MCTS,2,1,1,Basic MCTS,Basic MCTS,Basic MCTS,0
-87646011,SushiGo,3,GAME_OVER,60,0,2,446,Basic MCTS,58.0,47.0,Basic MCTS,1,Basic MCTS,1,2,2,Basic MCTS,Basic MCTS,Basic MCTS,1
1609617282,SushiGo,3,GAME_OVER,60,0,2,447,Basic MCTS,54.0,34.0,Basic MCTS,1,Basic MCTS,1,2,2,Basic MCTS,Basic MCTS,Basic MCTS,1
1760171303,SushiGo,3,GAME_OVER,61,0,2,448,Basic MCTS,50.0,50.0,Basic MCTS,2,Basic MCTS,2,1,1,Basic MCTS,Basic MCTS,Basic MCTS,0
-141553145,SushiGo,3,GAME_OVER,61,0,2,449,Basic MCTS,45.0,47.0,Basic MCTS,2,Basic MCTS,2,1,1,Basic MCTS,Basic MCTS,Basic MCTS,0
1449143091,SushiGo,3,GAME_OVER,60,0,2,450,Basic MCTS,59.0,36.0,Basic MCTS,1,Basic MCTS,1,2,2,Basic MCTS,Basic MCTS,Basic MCTS,1
-954296662,SushiGo,3,GAME_OVER,63,0,2,451,Basic MCTS,50.0,29.0,Basic MCTS,1,Basic MCTS,1,2,2,Basic MCTS,Basic MCTS,Basic MCTS,1
-255868503,SushiGo,3,GAME_OVER,61,0,2,452,Basic MCTS,64.0,35.0,Basic MCTS,1,Basic MCTS,1,2,2,Basic MCTS,Basic MCTS,Basic MCTS,1
-116635895,SushiGo,3,GAME_OVER,61,0,2,453,Basic MCTS,62.0,36.0,Basic MCTS,1,Basic MCTS,1,2,2,Basic MCTS,Basic MCTS,Basic MCTS,1
-1898534082,SushiGo,3,GAME_OVER,63,0,2,454,Basic MCTS,47.0,28.0,Basic MCTS,1,Basic MCTS,1,2,2,Basic MCTS,Basic MCTS,Basic MCTS,1
658393718,SushiGo,3,GAME_OVER,61,0,2,455,Basic MCTS,42.0,42.0,Basic MCTS,1,Basic MCTS,1,1,1,Basic MCTS,Basic MCTS,Basic MCTS,-1
2097534744,SushiGo,3,GAME_OVER,61,0,2,456,Basic MCTS,53.0,36.0,Basic MCTS,1,Basic MCTS,1,2,2,Basic MCTS,Basic MCTS,Basic MCTS,1
-1891851982,SushiGo,3,GAME_OVER,63,0,2,457,Basic MCTS,56.0,32.0,Basic MCTS,1,Basic MCTS,1,2,2,Basic MCTS,Basic MCTS,Basic MCTS,1
-331426663,SushiGo,3,GAME_OVER,62,0,2,458,Basic MCTS,52.0,38.0,Basic MCTS,1,Basic MCTS,1,2,2,Basic MCTS,Basic MCTS,Basic MCTS,1
1919103941,SushiGo,3,GAME_OVER,61,0,2,459,Basic MCTS,45.0,45.0,Basic MCTS,2,Basic MCTS,2,1,1,Basic MCTS,Basic MCTS,Basic MCTS,0
-232742384,SushiGo,3,GAME_OVER,60,0,2,460,Basic MCTS,54.0,44.0,Basic MCTS,1,Basic MCTS,1,2,2,Basic MCTS,Basic MCTS,Basic MCTS,1
-236564248,SushiGo,3,GAME_OVER,62,0,2,461,Basic MCTS,48.0,42.0,Basic MCTS,1,Basic MCTS,1,2,2,Basic MCTS,Basic MCTS,Basic MCTS,1
1446486608,SushiGo,3,GAME_OVER,63,0,2,462,Basic MCTS,50.0,39.0,Basic MCTS,1,Basic MCTS,1,2,2,Basic MCTS,Basic MCTS,Basic MCTS,1
-708727847,SushiGo,3,GAME_OVER,60,0,2,463,Basic MCTS,60.0,43.0,Basic MCTS,1,Basic MCTS,1,2,2,Basic MCTS,Basic MCTS,Basic MCTS,1
126679867,SushiGo,3,GAME_OVER,60,0,2,464,Basic MCTS,48.0,37.0,Basic MCTS,1,Basic MCTS,1,2,2,Basic MCTS,Basic MCTS,Basic MCTS,1
12187170,SushiGo,3,GAME_OVER,66,0,2,465,Basic MCTS,45.0,43.0,Basic MCTS,1,Basic MCTS,1,2,2,Basic MCTS,Basic MCTS,Basic MCTS,1
-918417469,SushiGo,3,GAME_OVER,63,0,2,466,Basic MCTS,52.0,31.0,Basic MCTS,1,Basic MCTS,1,2,2,Basic MCTS,Basic MCTS,Basic MCTS,1
-2014151930,SushiGo,3,GAME_OVER,61,0,2,467,Basic MCTS,54.0,50.0,Basic MCTS,1,Basic MCTS,1,2,2,Basic MCTS,Basic MCTS,Basic MCTS,1
127226354,SushiGo,3,GAME_OVER,62,0,2,468,Basic MCTS,66.0,42.0,Basic MCTS,1,Basic MCTS,1,2,2,Basic MCTS,Basic MCTS,Basic MCTS,1
-1842839491,SushiGo,3,GAME_OVER,60,0,2,469,Basic MCTS,47.0,37.0,Basic MCTS,1,Basic MCTS,1,2,2,Basic MCTS,Basic MCTS,Basic MCTS,1
1475141105,SushiGo,3,GAME_OVER,62,0,2,470,Basic MCTS,52.0,39.0,Basic MCTS,1,Basic MCTS,1,2,2,Basic MCTS,Basic MCTS,Basic MCTS,1
1853943462,SushiGo,3,GAME_OVER,60,0,2,471,Basic MCTS,54.0,44.0,Basic MCTS,1,Basic MCTS,1,2,2,Basic MCTS,Basic MCTS,Basic MCTS,1
-914735830,SushiGo,3,GAME_OVER,60,0,2,472,Basic MCTS,56.0,37.0,Basic MCTS,1,Basic MCTS,1,2,2,Basic MCTS,Basic MCTS,Basic MCTS,1
-1291471089,SushiGo,3,GAME_OVER,61,0,2,473,Basic MCTS,49.0,36.0,Basic MCTS,1,Basic MCTS,1,2,2,Basic MCTS,Basic MCTS,Basic MCTS,1
10545401,SushiGo,3,GAME_OVER,60,0,2,474,Basic MCTS,49.0,50.0,Basic MCTS,2,Basic MCTS,2,1,1,Basic MCTS,Basic MCTS,Basic MCTS,0
141548111,SushiGo,3,GAME_OVER,61,0,2,475,Basic MCTS,47.0,38.0,Basic MCTS,1,Basic MCTS,1,2,2,Basic MCTS,Basic MCTS,Basic MCTS,1
1058584205,SushiGo,3,GAME_OVER,60,0,2,476,Basic MCTS,50.0,40.0,Basic MCTS,1,Basic MCTS,1,2,2,Basic MCTS,Basic MCTS,Basic MCTS,1
211927356,SushiGo,3,GAME_OVER,63,0,2,477,Basic MCTS,50.0,44.0,Basic MCTS,1,Basic MCTS,1,2,2,Basic MCTS,Basic MCTS,Basic MCTS,1
-1029778978,SushiGo,3,GAME_OVER,62,0,2,478,Basic MCTS,54.0,47.0,Basic MCTS,1,Basic MCTS,1,2,2,Basic MCTS,Basic MCTS,Basic MCTS,1
-1116669881,SushiGo,3,GAME_OVER,62,0,2,479,Basic MCTS,57.0,32.0,Basic MCTS,1,Basic MCTS,1,2,2,Basic MCTS,Basic MCTS,Basic MCTS,1
1930847207,SushiGo,3,GAME_OVER,60,0,2,480,Basic MCTS,57.0,43.0,Basic MCTS,1,Basic MCTS,1,2,2,Basic MCTS,Basic MCTS,Basic MCTS,1
1204042696,SushiGo,3,GAME_OVER,62,0,2,481,Basic MCTS,46.0,36.0,Basic MCTS,1,Basic MCTS,1,2,2,Basic MCTS,Basic MCTS,Basic MCTS,1
1854341258,SushiGo,3,GAME_OVER,62,0,2,482,Basic MCTS,52.0,39.0,Basic MCTS,1,Basic MCTS,1,2,2,Basic MCTS,Basic MCTS,Basic MCTS,1
760044856,SushiGo,3,GAME_OVER,61,0,2,483,Basic MCTS,51.0,39.0,Basic MCTS,1,Basic MCTS,1,2,2,Basic MCTS,Basic MCTS,Basic MCTS,1
-230780221,SushiGo,3,GAME_OVER,61,0,2,484,Basic MCTS,34.0,38.0,Basic MCTS,2,Basic MCTS,2,1,1,Basic MCTS,Basic MCTS,Basic MCTS,0
-1500989715,SushiGo,3,GAME_OVER,60,0,2,485,Basic MCTS,67.0,37.0,Basic MCTS,1,Basic MCTS,1,2,2,Basic MCTS,Basic MCTS,Basic MCTS,1
751911445,SushiGo,3,GAME_OVER,63,0,2,486,Basic MCTS,38.0,34.0,Basic MCTS,1,Basic MCTS,1,2,2,Basic MCTS,Basic MCTS,Basic MCTS,1
-944442593,SushiGo,3,GAME_OVER,62,0,2,487,Basic MCTS,50.0,50.0,Basic MCTS,2,Basic MCTS,2,1,1,Basic MCTS,Basic MCTS,Basic MCTS,0
-935277995,SushiGo,3,GAME_OVER,64,0,2,488,Basic MCTS,54.0,43.0,Basic MCTS,1,Basic MCTS,1,2,2,Basic MCTS,Basic MCTS,Basic MCTS,1
247835695,SushiGo,3,GAME_OVER,62,0,2,489,Basic MCTS,46.0,37.0,Basic MCTS,1,Basic MCTS,1,2,2,Basic MCTS,Basic MCTS,Basic MCTS,1
-1624668346,SushiGo,3,GAME_OVER,60,0,2,490,Basic MCTS,60.0,42.0,Basic MCTS,1,Basic MCTS,1,2,2,Basic MCTS,Basic MCTS,Basic MCTS,1
1838559114,SushiGo,3,GAME_OVER,60,0,2,491,Basic MCTS,41.0,47.0,Basic MCTS,2,Basic MCTS,2,1,1,Basic MCTS,Basic MCTS,Basic MCTS,0
262936474,SushiGo,3,GAME_OVER,64,0,2,492,Basic MCTS,49.0,46.0,Basic MCTS,1,Basic MCTS,1,2,2,Basic MCTS,Basic MCTS,Basic MCTS,1
-2019278420,SushiGo,3,GAME_OVER,61,0,2,493,Basic MCTS,42.0,32.0,Basic MCTS,1,Basic MCTS,1,2,2,Basic MCTS,Basic MCTS,Basic MCTS,1
-1661237415,SushiGo,3,GAME_OVER,63,0,2,494,Basic MCTS,47.0,44.0,Basic MCTS,1,Basic MCTS,1,2,2,Basic MCTS,Basic MCTS,Basic MCTS,1
830372098,SushiGo,3,GAME_OVER,60,0,2,495,Basic MCTS,43.0,45.0,Basic MCTS,2,Basic MCTS,2,1,1,Basic MCTS,Basic MCTS,Basic MCTS,0
-1794082882,SushiGo,3,GAME_OVER,62,0,2,496,Basic MCTS,55.0,39.0,Basic MCTS,1,Basic MCTS,1,2,2,Basic MCTS,Basic MCTS,Basic MCTS,1
-2136969544,SushiGo,3,GAME_OVER,61,0,2,497,Basic MCTS,56.0,38.0,Basic MCTS,1,Basic MCTS,1,2,2,Basic MCTS,Basic MCTS,Basic MCTS,1
-1613804798,SushiGo,3,GAME_OVER,61,0,2,498,Basic MCTS,63.0,45.0,Basic MCTS,1,Basic MCTS,1,2,2,Basic MCTS,Basic MCTS,Basic MCTS,1
1066856389,SushiGo,3,GAME_OVER,64,0,2,499,Basic MCTS,62.0,41.0,Basic MCTS,1,Basic MCTS,1,2,2,Basic MCTS,Basic MCTS,Basic MCTS,1
-673053507,SushiGo,3,GAME_OVER,61,0,2,500,Basic MCTS,51.0,37.0,Basic MCTS,1,Basic MCTS,1,2,2,Basic MCTS,Basic MCTS,Basic MCTS,1
-1416735319,SushiGo,3,GAME_OVER,62,0,2,501,Basic MCTS,43.0,34.0,Basic MCTS,1,Basic MCTS,1,2,2,Basic MCTS,Basic MCTS,Basic MCTS,1
